0/1,000,000 unique accepted successes in 0.06s (0.0/s whole run); 0 failures, 0 retries
runtime process; commands unknown; queued 1000000, held 0; recent unknown/s over unknowns
application 200 in 13.59ms
0/1,000,000 unique accepted successes in 1.11s (0.0/s whole run); 0 failures, 0 retries
runtime process; commands unknown; queued 1000000, held 0; recent 0.0/s over 1.053173291s
application 200 in 0.63ms
0/1,000,000 unique accepted successes in 2.15s (0.0/s whole run); 0 failures, 0 retries
runtime process; commands unknown; queued 998000, held 2000; recent 0.0/s over 1.043933676s
application 200 in 0.48ms
0/1,000,000 unique accepted successes in 3.21s (0.0/s whole run); 0 failures, 0 retries
runtime process; commands unknown; queued 998000, held 2000; recent 0.0/s over 1.053903907s
application 200 in 0.54ms
0/1,000,000 unique accepted successes in 4.26s (0.0/s whole run); 0 failures, 0 retries
runtime process; commands unknown; queued 998000, held 2000; recent 0.0/s over 1.055729544s
application 200 in 0.66ms
0/1,000,000 unique accepted successes in 5.31s (0.0/s whole run); 0 failures, 0 retries
runtime process; commands unknown; queued 998000, held 2000; recent 0.0/s over 1.045547614s
application 200 in 0.65ms
0/1,000,000 unique accepted successes in 6.38s (0.0/s whole run); 0 failures, 0 retries
runtime process; commands unknown; queued 998000, held 2000; recent 0.0/s over 1.070407696s
application 200 in 0.58ms
0/1,000,000 unique accepted successes in 7.44s (0.0/s whole run); 0 failures, 0 retries
runtime process; commands unknown; queued 998000, held 2000; recent 0.0/s over 1.061944103s
application 200 in 0.60ms
0/1,000,000 unique accepted successes in 8.50s (0.0/s whole run); 0 failures, 0 retries
runtime process; commands unknown; queued 998000, held 2000; recent 0.0/s over 1.055311392s
application 200 in 0.51ms
0/1,000,000 unique accepted successes in 9.56s (0.0/s whole run); 0 failures, 0 retries
runtime process; commands unknown; queued 998000, held 2000; recent 0.0/s over 1.062062409s
application 200 in 0.65ms
0/1,000,000 unique accepted successes in 10.62s (0.0/s whole run); 0 failures, 0 retries
runtime process; commands unknown; queued 998000, held 2000; recent 0.0/s over 1.056129427s
application 200 in 0.86ms
0/1,000,000 unique accepted successes in 11.67s (0.0/s whole run); 0 failures, 0 retries
runtime process; commands unknown; queued 998000, held 2000; recent 0.0/s over 1.054142214s
application 200 in 0.51ms
0/1,000,000 unique accepted successes in 12.74s (0.0/s whole run); 0 failures, 0 retries
runtime process; commands unknown; queued 998000, held 2000; recent 0.0/s over 1.068027292s
application 200 in 0.55ms
0/1,000,000 unique accepted successes in 13.80s (0.0/s whole run); 0 failures, 0 retries
runtime process; commands unknown; queued 998000, held 2000; recent 0.0/s over 1.02693322s
application 200 in 0.59ms
0/1,000,000 unique accepted successes in 14.85s (0.0/s whole run); 0 failures, 0 retries
runtime process; commands unknown; queued 998000, held 2000; recent 0.0/s over 1.039381055s
application 200 in 0.88ms
0/1,000,000 unique accepted successes in 15.91s (0.0/s whole run); 0 failures, 0 retries
runtime process; commands unknown; queued 998000, held 2000; recent 0.0/s over 1.0369885s
application 200 in 0.66ms
0/1,000,000 unique accepted successes in 17.00s (0.0/s whole run); 0 failures, 0 retries
runtime process; commands unknown; queued 998000, held 2000; recent 0.0/s over 1.039193525s
application 200 in 0.66ms
0/1,000,000 unique accepted successes in 18.06s (0.0/s whole run); 0 failures, 0 retries
runtime process; commands unknown; queued 998000, held 2000; recent 0.0/s over 1.037685493s
application 200 in 0.59ms
0/1,000,000 unique accepted successes in 19.14s (0.0/s whole run); 0 failures, 0 retries
runtime process; commands unknown; queued 998000, held 2000; recent 0.0/s over 1.034359915s
application 200 in 0.65ms
0/1,000,000 unique accepted successes in 20.20s (0.0/s whole run); 0 failures, 0 retries
runtime process; commands unknown; queued 998000, held 2000; recent 0.0/s over 1.025592695s
application 200 in 0.49ms
0/1,000,000 unique accepted successes in 21.26s (0.0/s whole run); 0 failures, 0 retries
runtime process; commands unknown; queued 998000, held 2000; recent 0.0/s over 1.042515728s
application 200 in 0.94ms
0/1,000,000 unique accepted successes in 22.31s (0.0/s whole run); 0 failures, 0 retries
runtime process; commands unknown; queued 998000, held 2000; recent 0.0/s over 1.029633151s
application 200 in 0.48ms
0/1,000,000 unique accepted successes in 23.37s (0.0/s whole run); 0 failures, 0 retries
runtime process; commands unknown; queued 998000, held 2000; recent 0.0/s over 1.029765997s
application 200 in 0.99ms
0/1,000,000 unique accepted successes in 24.44s (0.0/s whole run); 0 failures, 0 retries
runtime process; commands unknown; queued 998000, held 2000; recent 0.0/s over 1.030923286s
application 200 in 0.60ms
0/1,000,000 unique accepted successes in 25.49s (0.0/s whole run); 0 failures, 0 retries
runtime process; commands unknown; queued 998000, held 2000; recent 0.0/s over 1.029255085s
application 200 in 0.68ms
0/1,000,000 unique accepted successes in 26.53s (0.0/s whole run); 0 failures, 0 retries
runtime process; commands unknown; queued 998000, held 2000; recent 0.0/s over 1.032975399s
application 200 in 0.50ms
0/1,000,000 unique accepted successes in 27.58s (0.0/s whole run); 0 failures, 0 retries
runtime process; commands unknown; queued 998000, held 2000; recent 0.0/s over 1.030537637s
application 200 in 0.51ms
0/1,000,000 unique accepted successes in 28.63s (0.0/s whole run); 0 failures, 0 retries
runtime process; commands unknown; queued 998000, held 2000; recent 0.0/s over 1.024091689s
application 200 in 0.70ms
0/1,000,000 unique accepted successes in 29.68s (0.0/s whole run); 0 failures, 0 retries
runtime process; commands unknown; queued 998000, held 2000; recent 0.0/s over 1.026586429s
application 200 in 0.49ms
0/1,000,000 unique accepted successes in 30.73s (0.0/s whole run); 0 failures, 0 retries
runtime process; commands unknown; queued 998000, held 2000; recent 0.0/s over 1.028139645s
application 200 in 0.67ms
0/1,000,000 unique accepted successes in 31.78s (0.0/s whole run); 0 failures, 0 retries
runtime process; commands unknown; queued 998000, held 2000; recent 0.0/s over 1.026444195s
application 200 in 0.70ms
0/1,000,000 unique accepted successes in 32.86s (0.0/s whole run); 0 failures, 0 retries
runtime process; commands unknown; queued 998000, held 2000; recent 0.0/s over 1.056317222s
application 200 in 0.67ms
0/1,000,000 unique accepted successes in 33.91s (0.0/s whole run); 0 failures, 0 retries
runtime process; commands unknown; queued 998000, held 2000; recent 0.0/s over 1.037321617s
application 200 in 0.58ms
0/1,000,000 unique accepted successes in 34.96s (0.0/s whole run); 0 failures, 0 retries
runtime process; commands unknown; queued 998000, held 2000; recent 0.0/s over 1.034205714s
application 200 in 0.60ms
0/1,000,000 unique accepted successes in 36.02s (0.0/s whole run); 0 failures, 0 retries
runtime process; commands unknown; queued 998000, held 2000; recent 0.0/s over 1.034260433s
application 200 in 0.53ms
0/1,000,000 unique accepted successes in 37.08s (0.0/s whole run); 0 failures, 0 retries
runtime process; commands unknown; queued 998000, held 2000; recent 0.0/s over 1.043447886s
application 200 in 0.65ms
0/1,000,000 unique accepted successes in 38.13s (0.0/s whole run); 0 failures, 0 retries
runtime process; commands unknown; queued 998000, held 2000; recent 0.0/s over 1.034616544s
application 200 in 0.54ms
0/1,000,000 unique accepted successes in 39.19s (0.0/s whole run); 0 failures, 0 retries
runtime process; commands unknown; queued 998000, held 2000; recent 0.0/s over 1.028555691s
application 200 in 0.79ms
0/1,000,000 unique accepted successes in 40.26s (0.0/s whole run); 0 failures, 0 retries
runtime process; commands unknown; queued 998000, held 2000; recent 0.0/s over 1.034015508s
application 200 in 0.57ms
0/1,000,000 unique accepted successes in 41.32s (0.0/s whole run); 0 failures, 0 retries
runtime process; commands unknown; queued 998000, held 2000; recent 0.0/s over 1.031594413s
application 200 in 0.74ms
0/1,000,000 unique accepted successes in 42.39s (0.0/s whole run); 0 failures, 0 retries
runtime process; commands unknown; queued 998000, held 2000; recent 0.0/s over 1.031738094s
application 200 in 0.82ms
0/1,000,000 unique accepted successes in 43.44s (0.0/s whole run); 0 failures, 0 retries
runtime process; commands unknown; queued 998000, held 2000; recent 0.0/s over 1.027575373s
application 200 in 0.59ms
1,000/1,000,000 unique accepted successes in 44.50s (22.5/s whole run); 0 failures, 0 retries
runtime process; commands unknown; queued 997000, held 2000; recent 0.0/s over 1.029357637s
application 200 in 0.58ms
2,000/1,000,000 unique accepted successes in 45.54s (43.9/s whole run); 0 failures, 0 retries
runtime process; commands unknown; queued 996000, held 2000; recent 978.253019616394/s over 1.022230425s
application 200 in 0.70ms
2,000/1,000,000 unique accepted successes in 46.60s (42.9/s whole run); 0 failures, 0 retries
runtime process; commands unknown; queued 996000, held 2000; recent 979.8628205573326/s over 1.020551019s
application 200 in 0.89ms
2,000/1,000,000 unique accepted successes in 47.66s (42.0/s whole run); 0 failures, 0 retries
runtime process; commands unknown; queued 996000, held 2000; recent 0.0/s over 1.017425535s
application 200 in 0.48ms
2,000/1,000,000 unique accepted successes in 48.71s (41.1/s whole run); 0 failures, 0 retries
runtime process; commands unknown; queued 996000, held 2000; recent 0.0/s over 1.0229221s
application 200 in 0.53ms
2,000/1,000,000 unique accepted successes in 49.78s (40.2/s whole run); 0 failures, 0 retries
runtime process; commands unknown; queued 996000, held 2000; recent 0.0/s over 1.035796853s
application 200 in 0.55ms
2,000/1,000,000 unique accepted successes in 50.84s (39.3/s whole run); 0 failures, 0 retries
runtime process; commands unknown; queued 996000, held 2000; recent 0.0/s over 1.035720486s
application 200 in 0.62ms
2,000/1,000,000 unique accepted successes in 51.91s (38.5/s whole run); 0 failures, 0 retries
runtime process; commands unknown; queued 996000, held 2000; recent 0.0/s over 1.032741838s
application 200 in 0.63ms
2,000/1,000,000 unique accepted successes in 52.99s (37.7/s whole run); 0 failures, 0 retries
runtime process; commands unknown; queued 996000, held 2000; recent 0.0/s over 1.035580264s
application 200 in 0.70ms
2,000/1,000,000 unique accepted successes in 54.04s (37.0/s whole run); 0 failures, 0 retries
runtime process; commands unknown; queued 996000, held 2000; recent 0.0/s over 1.023786646s
application 200 in 0.50ms
2,000/1,000,000 unique accepted successes in 55.10s (36.3/s whole run); 0 failures, 0 retries
runtime process; commands unknown; queued 996000, held 2000; recent 0.0/s over 1.033256186s
application 200 in 0.57ms
2,000/1,000,000 unique accepted successes in 56.16s (35.6/s whole run); 0 failures, 0 retries
runtime process; commands unknown; queued 996000, held 2000; recent 0.0/s over 1.031614948s
application 200 in 0.51ms
2,000/1,000,000 unique accepted successes in 57.23s (34.9/s whole run); 0 failures, 0 retries
runtime process; commands unknown; queued 996000, held 2000; recent 0.0/s over 1.028140789s
application 200 in 0.55ms
2,000/1,000,000 unique accepted successes in 58.28s (34.3/s whole run); 0 failures, 0 retries
runtime process; commands unknown; queued 996000, held 2000; recent 0.0/s over 1.033536601s
application 200 in 0.68ms
2,000/1,000,000 unique accepted successes in 59.34s (33.7/s whole run); 0 failures, 0 retries
runtime process; commands unknown; queued 996000, held 2000; recent 0.0/s over 1.030677582s
application 200 in 0.58ms
2,000/1,000,000 unique accepted successes in 60.40s (33.1/s whole run); 0 failures, 0 retries
runtime process; commands unknown; queued 996000, held 2000; recent 0.0/s over 1.025225959s
application 200 in 0.56ms
2,000/1,000,000 unique accepted successes in 61.46s (32.5/s whole run); 0 failures, 0 retries
runtime process; commands unknown; queued 996000, held 2000; recent 0.0/s over 1.031212827s
application 200 in 0.63ms
2,000/1,000,000 unique accepted successes in 62.53s (32.0/s whole run); 0 failures, 0 retries
runtime process; commands unknown; queued 996000, held 2000; recent 0.0/s over 1.044947304s
application 200 in 0.87ms
2,000/1,000,000 unique accepted successes in 63.60s (31.4/s whole run); 0 failures, 0 retries
runtime process; commands unknown; queued 996000, held 2000; recent 0.0/s over 1.062796882s
application 200 in 0.71ms
2,000/1,000,000 unique accepted successes in 64.65s (30.9/s whole run); 0 failures, 0 retries
runtime process; commands unknown; queued 996000, held 2000; recent 0.0/s over 1.030084207s
application 200 in 0.53ms
2,000/1,000,000 unique accepted successes in 65.70s (30.4/s whole run); 0 failures, 0 retries
runtime process; commands unknown; queued 996000, held 2000; recent 0.0/s over 1.02198306s
application 200 in 0.55ms
2,000/1,000,000 unique accepted successes in 66.76s (30.0/s whole run); 0 failures, 0 retries
runtime process; commands unknown; queued 996000, held 2000; recent 0.0/s over 1.028782407s
application 200 in 0.49ms
2,000/1,000,000 unique accepted successes in 67.81s (29.5/s whole run); 0 failures, 0 retries
runtime process; commands unknown; queued 996000, held 2000; recent 0.0/s over 1.035867551s
application 200 in 1.59ms
2,000/1,000,000 unique accepted successes in 68.86s (29.0/s whole run); 0 failures, 0 retries
runtime process; commands unknown; queued 996000, held 2000; recent 0.0/s over 1.046061648s
application 200 in 0.59ms
2,000/1,000,000 unique accepted successes in 69.93s (28.6/s whole run); 0 failures, 0 retries
runtime process; commands unknown; queued 996000, held 2000; recent 0.0/s over 1.037175815s
application 200 in 0.64ms
2,000/1,000,000 unique accepted successes in 70.98s (28.2/s whole run); 0 failures, 0 retries
runtime process; commands unknown; queued 996000, held 2000; recent 0.0/s over 1.038572069s
application 200 in 0.66ms
2,000/1,000,000 unique accepted successes in 72.04s (27.8/s whole run); 0 failures, 0 retries
runtime process; commands unknown; queued 996000, held 2000; recent 0.0/s over 1.035752595s
application 200 in 0.52ms
2,000/1,000,000 unique accepted successes in 73.11s (27.4/s whole run); 0 failures, 0 retries
runtime process; commands unknown; queued 996000, held 2000; recent 0.0/s over 1.031748758s
application 200 in 1.48ms
2,000/1,000,000 unique accepted successes in 74.15s (27.0/s whole run); 0 failures, 0 retries
runtime process; commands unknown; queued 996000, held 2000; recent 0.0/s over 1.03800159s
application 200 in 0.49ms
2,000/1,000,000 unique accepted successes in 75.21s (26.6/s whole run); 0 failures, 0 retries
runtime process; commands unknown; queued 996000, held 2000; recent 0.0/s over 1.037539172s
application 200 in 0.74ms
2,000/1,000,000 unique accepted successes in 76.26s (26.2/s whole run); 0 failures, 0 retries
runtime process; commands unknown; queued 996000, held 2000; recent 0.0/s over 1.031449828s
application 200 in 0.56ms
2,000/1,000,000 unique accepted successes in 77.33s (25.9/s whole run); 0 failures, 0 retries
runtime process; commands unknown; queued 996000, held 2000; recent 0.0/s over 1.037445569s
application 200 in 0.63ms
2,000/1,000,000 unique accepted successes in 78.38s (25.5/s whole run); 0 failures, 0 retries
runtime process; commands unknown; queued 996000, held 2000; recent 0.0/s over 1.033109559s
application 200 in 0.52ms
2,000/1,000,000 unique accepted successes in 79.44s (25.2/s whole run); 0 failures, 0 retries
runtime process; commands unknown; queued 996000, held 2000; recent 0.0/s over 1.034540314s
application 200 in 0.52ms
2,000/1,000,000 unique accepted successes in 80.50s (24.8/s whole run); 0 failures, 0 retries
runtime process; commands unknown; queued 996000, held 2000; recent 0.0/s over 1.029061944s
application 200 in 0.52ms
2,000/1,000,000 unique accepted successes in 81.57s (24.5/s whole run); 0 failures, 0 retries
runtime process; commands unknown; queued 996000, held 2000; recent 0.0/s over 1.031484306s
application 200 in 0.68ms
2,000/1,000,000 unique accepted successes in 82.63s (24.2/s whole run); 0 failures, 0 retries
runtime process; commands unknown; queued 996000, held 2000; recent 0.0/s over 1.022664772s
application 200 in 0.59ms
2,000/1,000,000 unique accepted successes in 83.71s (23.9/s whole run); 0 failures, 0 retries
runtime process; commands unknown; queued 996000, held 2000; recent 0.0/s over 1.030074672s
application 200 in 0.79ms
3,000/1,000,000 unique accepted successes in 84.76s (35.4/s whole run); 0 failures, 0 retries
runtime process; commands unknown; queued 995000, held 2000; recent 0.0/s over 1.033797026s
application 200 in 0.65ms
4,000/1,000,000 unique accepted successes in 85.82s (46.6/s whole run); 0 failures, 0 retries
runtime process; commands unknown; queued 994000, held 2000; recent 982.1258873228714/s over 1.018199411s
application 200 in 0.55ms
4,000/1,000,000 unique accepted successes in 86.87s (46.0/s whole run); 0 failures, 0 retries
runtime process; commands unknown; queued 994000, held 2000; recent 971.9860923758768/s over 1.028821305s
application 200 in 0.54ms
4,000/1,000,000 unique accepted successes in 87.93s (45.5/s whole run); 0 failures, 0 retries
runtime process; commands unknown; queued 994000, held 2000; recent 0.0/s over 1.028948155s
application 200 in 0.53ms
4,000/1,000,000 unique accepted successes in 88.99s (45.0/s whole run); 0 failures, 0 retries
runtime process; commands unknown; queued 994000, held 2000; recent 0.0/s over 1.033568905s
application 200 in 0.54ms
4,000/1,000,000 unique accepted successes in 90.04s (44.4/s whole run); 0 failures, 0 retries
runtime process; commands unknown; queued 994000, held 2000; recent 0.0/s over 1.046374975s
application 200 in 0.51ms
4,000/1,000,000 unique accepted successes in 91.09s (43.9/s whole run); 0 failures, 0 retries
runtime process; commands unknown; queued 994000, held 2000; recent 0.0/s over 1.051022515s
application 200 in 0.64ms
4,000/1,000,000 unique accepted successes in 92.16s (43.4/s whole run); 0 failures, 0 retries
runtime process; commands unknown; queued 994000, held 2000; recent 0.0/s over 1.045823903s
application 200 in 0.90ms
4,000/1,000,000 unique accepted successes in 93.22s (42.9/s whole run); 0 failures, 0 retries
runtime process; commands unknown; queued 994000, held 2000; recent 0.0/s over 1.027604729s
application 200 in 0.55ms
4,000/1,000,000 unique accepted successes in 94.29s (42.4/s whole run); 0 failures, 0 retries
runtime process; commands unknown; queued 994000, held 2000; recent 0.0/s over 1.058683444s
application 200 in 1.80ms
4,000/1,000,000 unique accepted successes in 95.34s (42.0/s whole run); 0 failures, 0 retries
runtime process; commands unknown; queued 994000, held 2000; recent 0.0/s over 1.033125595s
application 200 in 0.53ms
4,000/1,000,000 unique accepted successes in 96.38s (41.5/s whole run); 0 failures, 0 retries
runtime process; commands unknown; queued 994000, held 2000; recent 0.0/s over 1.040655746s
application 200 in 0.51ms
4,000/1,000,000 unique accepted successes in 97.44s (41.1/s whole run); 0 failures, 0 retries
runtime process; commands unknown; queued 994000, held 2000; recent 0.0/s over 1.03213568s
application 200 in 0.68ms
4,000/1,000,000 unique accepted successes in 98.50s (40.6/s whole run); 0 failures, 0 retries
runtime process; commands unknown; queued 994000, held 2000; recent 0.0/s over 1.027527764s
application 200 in 0.79ms
4,000/1,000,000 unique accepted successes in 99.55s (40.2/s whole run); 0 failures, 0 retries
runtime process; commands unknown; queued 994000, held 2000; recent 0.0/s over 1.030933026s
application 200 in 0.59ms
4,000/1,000,000 unique accepted successes in 100.62s (39.8/s whole run); 0 failures, 0 retries
runtime process; commands unknown; queued 994000, held 2000; recent 0.0/s over 1.041450331s
application 200 in 0.80ms
4,000/1,000,000 unique accepted successes in 101.68s (39.3/s whole run); 0 failures, 0 retries
runtime process; commands unknown; queued 994000, held 2000; recent 0.0/s over 1.045948534s
application 200 in 0.59ms
4,000/1,000,000 unique accepted successes in 102.75s (38.9/s whole run); 0 failures, 0 retries
runtime process; commands unknown; queued 994000, held 2000; recent 0.0/s over 1.030237132s
application 200 in 0.71ms
4,000/1,000,000 unique accepted successes in 103.81s (38.5/s whole run); 0 failures, 0 retries
runtime process; commands unknown; queued 994000, held 2000; recent 0.0/s over 1.034436996s
application 200 in 0.48ms
4,000/1,000,000 unique accepted successes in 104.87s (38.1/s whole run); 0 failures, 0 retries
runtime process; commands unknown; queued 994000, held 2000; recent 0.0/s over 1.044159863s
application 200 in 0.62ms
4,000/1,000,000 unique accepted successes in 105.94s (37.8/s whole run); 0 failures, 0 retries
runtime process; commands unknown; queued 994000, held 2000; recent 0.0/s over 1.033284995s
application 200 in 0.82ms
4,000/1,000,000 unique accepted successes in 107.01s (37.4/s whole run); 0 failures, 0 retries
runtime process; commands unknown; queued 994000, held 2000; recent 0.0/s over 1.036721256s
application 200 in 0.58ms
4,000/1,000,000 unique accepted successes in 108.07s (37.0/s whole run); 0 failures, 0 retries
runtime process; commands unknown; queued 994000, held 2000; recent 0.0/s over 1.028378157s
application 200 in 0.58ms
4,000/1,000,000 unique accepted successes in 109.11s (36.7/s whole run); 0 failures, 0 retries
runtime process; commands unknown; queued 994000, held 2000; recent 0.0/s over 1.027188685s
application 200 in 0.55ms
4,000/1,000,000 unique accepted successes in 110.16s (36.3/s whole run); 0 failures, 0 retries
runtime process; commands unknown; queued 994000, held 2000; recent 0.0/s over 1.036525668s
application 200 in 0.65ms
4,000/1,000,000 unique accepted successes in 111.21s (36.0/s whole run); 0 failures, 0 retries
runtime process; commands unknown; queued 994000, held 2000; recent 0.0/s over 1.041688928s
application 200 in 0.72ms
4,000/1,000,000 unique accepted successes in 112.29s (35.6/s whole run); 0 failures, 0 retries
runtime process; commands unknown; queued 994000, held 2000; recent 0.0/s over 1.0296017s
application 200 in 2.48ms
4,000/1,000,000 unique accepted successes in 113.38s (35.3/s whole run); 0 failures, 0 retries
runtime process; commands unknown; queued 994000, held 2000; recent 0.0/s over 1.030090643s
application 200 in 0.55ms
4,000/1,000,000 unique accepted successes in 114.44s (35.0/s whole run); 0 failures, 0 retries
runtime process; commands unknown; queued 994000, held 2000; recent 0.0/s over 1.032033869s
application 200 in 0.70ms
4,000/1,000,000 unique accepted successes in 115.51s (34.6/s whole run); 0 failures, 0 retries
runtime process; commands unknown; queued 994000, held 2000; recent 0.0/s over 1.030628725s
application 200 in 0.58ms
4,000/1,000,000 unique accepted successes in 116.57s (34.3/s whole run); 0 failures, 0 retries
runtime process; commands unknown; queued 994000, held 2000; recent 0.0/s over 1.026252721s
application 200 in 0.63ms
4,000/1,000,000 unique accepted successes in 117.62s (34.0/s whole run); 0 failures, 0 retries
runtime process; commands unknown; queued 994000, held 2000; recent 0.0/s over 1.031959744s
application 200 in 0.47ms
4,000/1,000,000 unique accepted successes in 118.67s (33.7/s whole run); 0 failures, 0 retries
runtime process; commands unknown; queued 994000, held 2000; recent 0.0/s over 1.034003348s
application 200 in 0.54ms
4,000/1,000,000 unique accepted successes in 119.72s (33.4/s whole run); 0 failures, 0 retries
runtime process; commands unknown; queued 994000, held 2000; recent 0.0/s over 1.040007502s
application 200 in 0.52ms
4,000/1,000,000 unique accepted successes in 120.78s (33.1/s whole run); 0 failures, 0 retries
runtime process; commands unknown; queued 994000, held 2000; recent 0.0/s over 1.033675577s
application 200 in 0.50ms
4,000/1,000,000 unique accepted successes in 121.84s (32.8/s whole run); 0 failures, 0 retries
runtime process; commands unknown; queued 994000, held 2000; recent 0.0/s over 1.029388992s
application 200 in 0.55ms
4,000/1,000,000 unique accepted successes in 122.89s (32.5/s whole run); 0 failures, 0 retries
runtime process; commands unknown; queued 994000, held 2000; recent 0.0/s over 1.035681986s
application 200 in 0.56ms
4,000/1,000,000 unique accepted successes in 123.95s (32.3/s whole run); 0 failures, 0 retries
runtime process; commands unknown; queued 994000, held 2000; recent 0.0/s over 1.052752729s
application 200 in 0.51ms
4,000/1,000,000 unique accepted successes in 125.00s (32.0/s whole run); 0 failures, 0 retries
runtime process; commands unknown; queued 994000, held 2000; recent 0.0/s over 1.022324623s
application 200 in 0.61ms
5,000/1,000,000 unique accepted successes in 126.06s (39.7/s whole run); 0 failures, 0 retries
runtime process; commands unknown; queued 993000, held 2000; recent 968.0997342154786/s over 1.032951425s
application 200 in 0.97ms
6,000/1,000,000 unique accepted successes in 127.12s (47.2/s whole run); 0 failures, 0 retries
runtime process; commands unknown; queued 992000, held 2000; recent 968.2864226173876/s over 1.032752269s
application 200 in 0.52ms
6,000/1,000,000 unique accepted successes in 128.17s (46.8/s whole run); 0 failures, 0 retries
runtime process; commands unknown; queued 992000, held 2000; recent 0.0/s over 1.033203794s
application 200 in 0.97ms
6,000/1,000,000 unique accepted successes in 129.24s (46.4/s whole run); 0 failures, 0 retries
runtime process; commands unknown; queued 992000, held 2000; recent 0.0/s over 1.041058573s
application 200 in 0.56ms
6,000/1,000,000 unique accepted successes in 130.30s (46.0/s whole run); 0 failures, 0 retries
runtime process; commands unknown; queued 992000, held 2000; recent 0.0/s over 1.04215678s
application 200 in 0.86ms
6,000/1,000,000 unique accepted successes in 131.35s (45.7/s whole run); 0 failures, 0 retries
runtime process; commands unknown; queued 992000, held 2000; recent 0.0/s over 1.048500815s
application 200 in 0.63ms
6,000/1,000,000 unique accepted successes in 132.43s (45.3/s whole run); 0 failures, 0 retries
runtime process; commands unknown; queued 992000, held 2000; recent 0.0/s over 1.028386951s
application 200 in 0.70ms
6,000/1,000,000 unique accepted successes in 133.48s (44.9/s whole run); 0 failures, 0 retries
runtime process; commands unknown; queued 992000, held 2000; recent 0.0/s over 1.033838091s
application 200 in 0.56ms
6,000/1,000,000 unique accepted successes in 134.54s (44.6/s whole run); 0 failures, 0 retries
runtime process; commands unknown; queued 992000, held 2000; recent 0.0/s over 1.027130745s
application 200 in 0.62ms
6,000/1,000,000 unique accepted successes in 135.61s (44.2/s whole run); 0 failures, 0 retries
runtime process; commands unknown; queued 992000, held 2000; recent 0.0/s over 1.024803373s
application 200 in 0.65ms
6,000/1,000,000 unique accepted successes in 136.66s (43.9/s whole run); 0 failures, 0 retries
runtime process; commands unknown; queued 992000, held 2000; recent 0.0/s over 1.025419153s
application 200 in 0.68ms
6,000/1,000,000 unique accepted successes in 137.71s (43.6/s whole run); 0 failures, 0 retries
runtime process; commands unknown; queued 992000, held 2000; recent 0.0/s over 1.027869266s
application 200 in 0.59ms
6,000/1,000,000 unique accepted successes in 138.77s (43.2/s whole run); 0 failures, 0 retries
runtime process; commands unknown; queued 992000, held 2000; recent 0.0/s over 1.02935394s
application 200 in 0.60ms
6,000/1,000,000 unique accepted successes in 139.85s (42.9/s whole run); 0 failures, 0 retries
runtime process; commands unknown; queued 992000, held 2000; recent 0.0/s over 1.015046105s
application 200 in 0.53ms
6,000/1,000,000 unique accepted successes in 140.88s (42.6/s whole run); 0 failures, 0 retries
runtime process; commands unknown; queued 992000, held 2000; recent 0.0/s over 1.039898519s
application 200 in 0.49ms
6,000/1,000,000 unique accepted successes in 141.94s (42.3/s whole run); 0 failures, 0 retries
runtime process; commands unknown; queued 992000, held 2000; recent 0.0/s over 1.059453603s
application 200 in 0.70ms
6,000/1,000,000 unique accepted successes in 142.99s (42.0/s whole run); 0 failures, 0 retries
runtime process; commands unknown; queued 992000, held 2000; recent 0.0/s over 1.022243483s
application 200 in 0.53ms
6,000/1,000,000 unique accepted successes in 144.05s (41.7/s whole run); 0 failures, 0 retries
runtime process; commands unknown; queued 992000, held 2000; recent 0.0/s over 1.028238009s
application 200 in 0.49ms
6,000/1,000,000 unique accepted successes in 145.11s (41.3/s whole run); 0 failures, 0 retries
runtime process; commands unknown; queued 992000, held 2000; recent 0.0/s over 1.030921836s
application 200 in 0.57ms
6,000/1,000,000 unique accepted successes in 146.15s (41.1/s whole run); 0 failures, 0 retries
runtime process; commands unknown; queued 992000, held 2000; recent 0.0/s over 1.031876416s
application 200 in 0.80ms
6,000/1,000,000 unique accepted successes in 147.21s (40.8/s whole run); 0 failures, 0 retries
runtime process; commands unknown; queued 992000, held 2000; recent 0.0/s over 1.028494938s
application 200 in 0.60ms
6,000/1,000,000 unique accepted successes in 148.26s (40.5/s whole run); 0 failures, 0 retries
runtime process; commands unknown; queued 992000, held 2000; recent 0.0/s over 1.035319525s
application 200 in 0.66ms
6,000/1,000,000 unique accepted successes in 149.32s (40.2/s whole run); 0 failures, 0 retries
runtime process; commands unknown; queued 992000, held 2000; recent 0.0/s over 1.028693058s
application 200 in 0.52ms
6,000/1,000,000 unique accepted successes in 150.37s (39.9/s whole run); 0 failures, 0 retries
runtime process; commands unknown; queued 992000, held 2000; recent 0.0/s over 1.028350275s
application 200 in 0.56ms
6,000/1,000,000 unique accepted successes in 151.44s (39.6/s whole run); 0 failures, 0 retries
runtime process; commands unknown; queued 992000, held 2000; recent 0.0/s over 1.03048734s
application 200 in 0.58ms
6,000/1,000,000 unique accepted successes in 152.50s (39.3/s whole run); 0 failures, 0 retries
runtime process; commands unknown; queued 992000, held 2000; recent 0.0/s over 1.029656962s
application 200 in 0.62ms
6,000/1,000,000 unique accepted successes in 153.55s (39.1/s whole run); 0 failures, 0 retries
runtime process; commands unknown; queued 992000, held 2000; recent 0.0/s over 1.042143342s
application 200 in 0.58ms
6,000/1,000,000 unique accepted successes in 154.61s (38.8/s whole run); 0 failures, 0 retries
runtime process; commands unknown; queued 992000, held 2000; recent 0.0/s over 1.057810626s
application 200 in 0.53ms
6,000/1,000,000 unique accepted successes in 155.67s (38.5/s whole run); 0 failures, 0 retries
runtime process; commands unknown; queued 992000, held 2000; recent 0.0/s over 1.050497643s
application 200 in 0.75ms
6,000/1,000,000 unique accepted successes in 156.73s (38.3/s whole run); 0 failures, 0 retries
runtime process; commands unknown; queued 992000, held 2000; recent 0.0/s over 1.035629327s
application 200 in 0.65ms
6,000/1,000,000 unique accepted successes in 157.79s (38.0/s whole run); 0 failures, 0 retries
runtime process; commands unknown; queued 992000, held 2000; recent 0.0/s over 1.033214623s
application 200 in 0.57ms
6,000/1,000,000 unique accepted successes in 158.85s (37.8/s whole run); 0 failures, 0 retries
runtime process; commands unknown; queued 992000, held 2000; recent 0.0/s over 1.031258845s
application 200 in 0.70ms
6,000/1,000,000 unique accepted successes in 159.91s (37.5/s whole run); 0 failures, 0 retries
runtime process; commands unknown; queued 992000, held 2000; recent 0.0/s over 1.038681111s
application 200 in 0.72ms
6,000/1,000,000 unique accepted successes in 160.96s (37.3/s whole run); 0 failures, 0 retries
runtime process; commands unknown; queued 992000, held 2000; recent 0.0/s over 1.031661054s
application 200 in 0.54ms
6,000/1,000,000 unique accepted successes in 162.02s (37.0/s whole run); 0 failures, 0 retries
runtime process; commands unknown; queued 992000, held 2000; recent 0.0/s over 1.034754639s
application 200 in 0.56ms
6,000/1,000,000 unique accepted successes in 163.08s (36.8/s whole run); 0 failures, 0 retries
runtime process; commands unknown; queued 992000, held 2000; recent 0.0/s over 1.025837s
application 200 in 0.55ms
6,000/1,000,000 unique accepted successes in 164.14s (36.6/s whole run); 0 failures, 0 retries
runtime process; commands unknown; queued 992000, held 2000; recent 0.0/s over 1.035524107s
application 200 in 0.58ms
7,000/1,000,000 unique accepted successes in 165.21s (42.4/s whole run); 0 failures, 0 retries
runtime process; commands unknown; queued 991000, held 2000; recent 0.0/s over 1.024395126s
application 200 in 0.49ms
8,000/1,000,000 unique accepted successes in 166.27s (48.1/s whole run); 0 failures, 0 retries
runtime process; commands unknown; queued 990000, held 2000; recent 971.7631175961296/s over 1.029057372s
application 200 in 0.51ms
8,000/1,000,000 unique accepted successes in 167.31s (47.8/s whole run); 0 failures, 0 retries
runtime process; commands unknown; queued 990000, held 2000; recent 977.3008746706984/s over 1.023226343s
application 200 in 0.50ms
8,000/1,000,000 unique accepted successes in 168.38s (47.5/s whole run); 0 failures, 0 retries
runtime process; commands unknown; queued 990000, held 2000; recent 0.0/s over 1.027271574s
application 200 in 0.68ms
8,000/1,000,000 unique accepted successes in 169.45s (47.2/s whole run); 0 failures, 0 retries
runtime process; commands unknown; queued 990000, held 2000; recent 0.0/s over 1.035584775s
application 200 in 0.55ms
8,000/1,000,000 unique accepted successes in 170.51s (46.9/s whole run); 0 failures, 0 retries
runtime process; commands unknown; queued 990000, held 2000; recent 0.0/s over 1.02692131s
application 200 in 0.46ms
8,000/1,000,000 unique accepted successes in 171.56s (46.6/s whole run); 0 failures, 0 retries
runtime process; commands unknown; queued 990000, held 2000; recent 0.0/s over 1.046980435s
application 200 in 0.53ms
8,000/1,000,000 unique accepted successes in 172.63s (46.3/s whole run); 0 failures, 0 retries
runtime process; commands unknown; queued 990000, held 2000; recent 0.0/s over 1.036180131s
application 200 in 0.61ms
8,000/1,000,000 unique accepted successes in 173.69s (46.1/s whole run); 0 failures, 0 retries
runtime process; commands unknown; queued 990000, held 2000; recent 0.0/s over 1.032516609s
application 200 in 0.49ms
8,000/1,000,000 unique accepted successes in 174.77s (45.8/s whole run); 0 failures, 0 retries
runtime process; commands unknown; queued 990000, held 2000; recent 0.0/s over 1.032413916s
application 200 in 0.73ms
8,000/1,000,000 unique accepted successes in 175.82s (45.5/s whole run); 0 failures, 0 retries
runtime process; commands unknown; queued 990000, held 2000; recent 0.0/s over 1.038771405s
application 200 in 0.50ms
8,000/1,000,000 unique accepted successes in 176.88s (45.2/s whole run); 0 failures, 0 retries
runtime process; commands unknown; queued 990000, held 2000; recent 0.0/s over 1.032983046s
application 200 in 0.63ms
8,000/1,000,000 unique accepted successes in 177.95s (45.0/s whole run); 0 failures, 0 retries
runtime process; commands unknown; queued 990000, held 2000; recent 0.0/s over 1.034786687s
application 200 in 0.52ms
8,000/1,000,000 unique accepted successes in 179.01s (44.7/s whole run); 0 failures, 0 retries
runtime process; commands unknown; queued 990000, held 2000; recent 0.0/s over 1.046306746s
application 200 in 0.51ms
8,000/1,000,000 unique accepted successes in 180.06s (44.4/s whole run); 0 failures, 0 retries
runtime process; commands unknown; queued 990000, held 2000; recent 0.0/s over 1.024347827s
application 200 in 0.53ms
8,000/1,000,000 unique accepted successes in 181.11s (44.2/s whole run); 0 failures, 0 retries
runtime process; commands unknown; queued 990000, held 2000; recent 0.0/s over 1.021813955s
application 200 in 0.64ms
8,000/1,000,000 unique accepted successes in 182.17s (43.9/s whole run); 0 failures, 0 retries
runtime process; commands unknown; queued 990000, held 2000; recent 0.0/s over 1.023336298s
application 200 in 1.38ms
8,000/1,000,000 unique accepted successes in 183.26s (43.7/s whole run); 0 failures, 0 retries
runtime process; commands unknown; queued 990000, held 2000; recent 0.0/s over 1.029285921s
application 200 in 0.77ms
8,000/1,000,000 unique accepted successes in 184.32s (43.4/s whole run); 0 failures, 0 retries
runtime process; commands unknown; queued 990000, held 2000; recent 0.0/s over 1.033381446s
application 200 in 0.49ms
8,000/1,000,000 unique accepted successes in 185.38s (43.2/s whole run); 0 failures, 0 retries
runtime process; commands unknown; queued 990000, held 2000; recent 0.0/s over 1.058718804s
application 200 in 0.68ms
8,000/1,000,000 unique accepted successes in 186.44s (42.9/s whole run); 0 failures, 0 retries
runtime process; commands unknown; queued 990000, held 2000; recent 0.0/s over 1.025989903s
application 200 in 0.51ms
8,000/1,000,000 unique accepted successes in 187.49s (42.7/s whole run); 0 failures, 0 retries
runtime process; commands unknown; queued 990000, held 2000; recent 0.0/s over 1.024325678s
application 200 in 0.52ms
8,000/1,000,000 unique accepted successes in 188.56s (42.4/s whole run); 0 failures, 0 retries
runtime process; commands unknown; queued 990000, held 2000; recent 0.0/s over 1.026602745s
application 200 in 0.85ms
8,000/1,000,000 unique accepted successes in 189.62s (42.2/s whole run); 0 failures, 0 retries
runtime process; commands unknown; queued 990000, held 2000; recent 0.0/s over 1.029824416s
application 200 in 0.70ms
8,000/1,000,000 unique accepted successes in 190.68s (42.0/s whole run); 0 failures, 0 retries
runtime process; commands unknown; queued 990000, held 2000; recent 0.0/s over 1.025504466s
application 200 in 0.54ms
8,000/1,000,000 unique accepted successes in 191.74s (41.7/s whole run); 0 failures, 0 retries
runtime process; commands unknown; queued 990000, held 2000; recent 0.0/s over 1.029935871s
application 200 in 0.53ms
8,000/1,000,000 unique accepted successes in 192.78s (41.5/s whole run); 0 failures, 0 retries
runtime process; commands unknown; queued 990000, held 2000; recent 0.0/s over 1.031961058s
application 200 in 0.54ms
8,000/1,000,000 unique accepted successes in 193.85s (41.3/s whole run); 0 failures, 0 retries
runtime process; commands unknown; queued 990000, held 2000; recent 0.0/s over 1.031600444s
application 200 in 0.56ms
8,000/1,000,000 unique accepted successes in 194.90s (41.0/s whole run); 0 failures, 0 retries
runtime process; commands unknown; queued 990000, held 2000; recent 0.0/s over 1.026447518s
application 200 in 1.24ms
8,000/1,000,000 unique accepted successes in 195.97s (40.8/s whole run); 0 failures, 0 retries
runtime process; commands unknown; queued 990000, held 2000; recent 0.0/s over 1.041193686s
application 200 in 0.55ms
8,000/1,000,000 unique accepted successes in 197.02s (40.6/s whole run); 0 failures, 0 retries
runtime process; commands unknown; queued 990000, held 2000; recent 0.0/s over 1.029160613s
application 200 in 0.54ms
8,000/1,000,000 unique accepted successes in 198.07s (40.4/s whole run); 0 failures, 0 retries
runtime process; commands unknown; queued 990000, held 2000; recent 0.0/s over 1.032078277s
application 200 in 0.53ms
8,000/1,000,000 unique accepted successes in 199.12s (40.2/s whole run); 0 failures, 0 retries
runtime process; commands unknown; queued 990000, held 2000; recent 0.0/s over 1.031516991s
application 200 in 0.56ms
8,000/1,000,000 unique accepted successes in 200.18s (40.0/s whole run); 0 failures, 0 retries
runtime process; commands unknown; queued 990000, held 2000; recent 0.0/s over 1.030001603s
application 200 in 0.73ms
8,000/1,000,000 unique accepted successes in 201.23s (39.8/s whole run); 0 failures, 0 retries
runtime process; commands unknown; queued 990000, held 2000; recent 0.0/s over 1.032679011s
application 200 in 0.59ms
8,000/1,000,000 unique accepted successes in 202.32s (39.5/s whole run); 0 failures, 0 retries
runtime process; commands unknown; queued 990000, held 2000; recent 0.0/s over 1.033604008s
application 200 in 1.23ms
8,000/1,000,000 unique accepted successes in 203.43s (39.3/s whole run); 0 failures, 0 retries
runtime process; commands unknown; queued 990000, held 2000; recent 0.0/s over 1.043244982s
application 200 in 0.54ms
8,000/1,000,000 unique accepted successes in 204.48s (39.1/s whole run); 0 failures, 0 retries
runtime process; commands unknown; queued 990000, held 2000; recent 0.0/s over 1.031941676s
application 200 in 0.53ms
9,000/1,000,000 unique accepted successes in 205.54s (43.8/s whole run); 0 failures, 0 retries
runtime process; commands unknown; queued 989000, held 2000; recent 0.0/s over 1.031015051s
application 200 in 0.93ms
9,000/1,000,000 unique accepted successes in 206.59s (43.6/s whole run); 0 failures, 0 retries
runtime process; commands unknown; queued 989000, held 2000; recent 967.7952494510112/s over 1.033276409s
application 200 in 0.53ms
10,000/1,000,000 unique accepted successes in 207.65s (48.2/s whole run); 0 failures, 0 retries
runtime process; commands unknown; queued 988000, held 2000; recent 0.0/s over 1.032463452s
application 200 in 0.58ms
10,000/1,000,000 unique accepted successes in 208.69s (47.9/s whole run); 0 failures, 0 retries
runtime process; commands unknown; queued 988000, held 2000; recent 961.31853496628/s over 1.040237927s
application 200 in 0.51ms
10,000/1,000,000 unique accepted successes in 209.76s (47.7/s whole run); 0 failures, 0 retries
runtime process; commands unknown; queued 988000, held 2000; recent 0.0/s over 1.030951832s
application 200 in 0.57ms
10,000/1,000,000 unique accepted successes in 210.82s (47.4/s whole run); 0 failures, 0 retries
runtime process; commands unknown; queued 988000, held 2000; recent 0.0/s over 1.027941788s
application 200 in 0.66ms
10,000/1,000,000 unique accepted successes in 211.88s (47.2/s whole run); 0 failures, 0 retries
runtime process; commands unknown; queued 988000, held 2000; recent 0.0/s over 1.038050104s
application 200 in 0.51ms
10,000/1,000,000 unique accepted successes in 212.93s (47.0/s whole run); 0 failures, 0 retries
runtime process; commands unknown; queued 988000, held 2000; recent 0.0/s over 1.034759803s
application 200 in 0.58ms
10,000/1,000,000 unique accepted successes in 213.99s (46.7/s whole run); 0 failures, 0 retries
runtime process; commands unknown; queued 988000, held 2000; recent 0.0/s over 1.035742509s
application 200 in 0.63ms
10,000/1,000,000 unique accepted successes in 215.04s (46.5/s whole run); 0 failures, 0 retries
runtime process; commands unknown; queued 988000, held 2000; recent 0.0/s over 1.042366418s
application 200 in 0.48ms
10,000/1,000,000 unique accepted successes in 216.12s (46.3/s whole run); 0 failures, 0 retries
runtime process; commands unknown; queued 988000, held 2000; recent 0.0/s over 1.028463395s
application 200 in 0.52ms
10,000/1,000,000 unique accepted successes in 217.18s (46.0/s whole run); 0 failures, 0 retries
runtime process; commands unknown; queued 988000, held 2000; recent 0.0/s over 1.052258538s
application 200 in 0.63ms
10,000/1,000,000 unique accepted successes in 218.24s (45.8/s whole run); 0 failures, 0 retries
runtime process; commands unknown; queued 988000, held 2000; recent 0.0/s over 1.03302782s
application 200 in 0.53ms
10,000/1,000,000 unique accepted successes in 219.29s (45.6/s whole run); 0 failures, 0 retries
runtime process; commands unknown; queued 988000, held 2000; recent 0.0/s over 1.028275406s
application 200 in 1.22ms
10,000/1,000,000 unique accepted successes in 220.35s (45.4/s whole run); 0 failures, 0 retries
runtime process; commands unknown; queued 988000, held 2000; recent 0.0/s over 1.027769249s
application 200 in 0.53ms
10,000/1,000,000 unique accepted successes in 221.41s (45.2/s whole run); 0 failures, 0 retries
runtime process; commands unknown; queued 988000, held 2000; recent 0.0/s over 1.036499534s
application 200 in 0.51ms
10,000/1,000,000 unique accepted successes in 222.49s (44.9/s whole run); 0 failures, 0 retries
runtime process; commands unknown; queued 988000, held 2000; recent 0.0/s over 1.045289445s
application 200 in 0.61ms
10,000/1,000,000 unique accepted successes in 223.55s (44.7/s whole run); 0 failures, 0 retries
runtime process; commands unknown; queued 988000, held 2000; recent 0.0/s over 1.004701429s
application 200 in 0.73ms
10,000/1,000,000 unique accepted successes in 224.60s (44.5/s whole run); 0 failures, 0 retries
runtime process; commands unknown; queued 988000, held 2000; recent 0.0/s over 1.059199127s
application 200 in 0.55ms
10,000/1,000,000 unique accepted successes in 225.66s (44.3/s whole run); 0 failures, 0 retries
runtime process; commands unknown; queued 988000, held 2000; recent 0.0/s over 1.02721327s
application 200 in 0.52ms
10,000/1,000,000 unique accepted successes in 226.72s (44.1/s whole run); 0 failures, 0 retries
runtime process; commands unknown; queued 988000, held 2000; recent 0.0/s over 1.0328542s
application 200 in 0.63ms
10,000/1,000,000 unique accepted successes in 227.78s (43.9/s whole run); 0 failures, 0 retries
runtime process; commands unknown; queued 988000, held 2000; recent 0.0/s over 1.040407168s
application 200 in 0.50ms
10,000/1,000,000 unique accepted successes in 228.83s (43.7/s whole run); 0 failures, 0 retries
runtime process; commands unknown; queued 988000, held 2000; recent 0.0/s over 1.025605754s
application 200 in 0.54ms
10,000/1,000,000 unique accepted successes in 229.88s (43.5/s whole run); 0 failures, 0 retries
runtime process; commands unknown; queued 988000, held 2000; recent 0.0/s over 1.0260017s
application 200 in 0.59ms
10,000/1,000,000 unique accepted successes in 230.93s (43.3/s whole run); 0 failures, 0 retries
runtime process; commands unknown; queued 988000, held 2000; recent 0.0/s over 1.030835945s
application 200 in 0.56ms
10,000/1,000,000 unique accepted successes in 231.99s (43.1/s whole run); 0 failures, 0 retries
runtime process; commands unknown; queued 988000, held 2000; recent 0.0/s over 1.028928383s
application 200 in 0.52ms
10,000/1,000,000 unique accepted successes in 233.04s (42.9/s whole run); 0 failures, 0 retries
runtime process; commands unknown; queued 988000, held 2000; recent 0.0/s over 1.044649812s
application 200 in 0.48ms
10,000/1,000,000 unique accepted successes in 234.10s (42.7/s whole run); 0 failures, 0 retries
runtime process; commands unknown; queued 988000, held 2000; recent 0.0/s over 1.036082737s
application 200 in 0.56ms
10,000/1,000,000 unique accepted successes in 235.15s (42.5/s whole run); 0 failures, 0 retries
runtime process; commands unknown; queued 988000, held 2000; recent 0.0/s over 1.027056947s
application 200 in 0.83ms
10,000/1,000,000 unique accepted successes in 236.21s (42.3/s whole run); 0 failures, 0 retries
runtime process; commands unknown; queued 988000, held 2000; recent 0.0/s over 1.031639811s
application 200 in 0.64ms
10,000/1,000,000 unique accepted successes in 237.27s (42.1/s whole run); 0 failures, 0 retries
runtime process; commands unknown; queued 988000, held 2000; recent 0.0/s over 1.038936481s
application 200 in 0.83ms
10,000/1,000,000 unique accepted successes in 238.32s (42.0/s whole run); 0 failures, 0 retries
runtime process; commands unknown; queued 988000, held 2000; recent 0.0/s over 1.029280678s
application 200 in 0.64ms
10,000/1,000,000 unique accepted successes in 239.39s (41.8/s whole run); 0 failures, 0 retries
runtime process; commands unknown; queued 988000, held 2000; recent 0.0/s over 1.032156715s
application 200 in 0.55ms
10,000/1,000,000 unique accepted successes in 240.45s (41.6/s whole run); 0 failures, 0 retries
runtime process; commands unknown; queued 988000, held 2000; recent 0.0/s over 1.031922064s
application 200 in 0.73ms
10,000/1,000,000 unique accepted successes in 241.49s (41.4/s whole run); 0 failures, 0 retries
runtime process; commands unknown; queued 988000, held 2000; recent 0.0/s over 1.027990004s
application 200 in 0.69ms
10,000/1,000,000 unique accepted successes in 242.55s (41.2/s whole run); 0 failures, 0 retries
runtime process; commands unknown; queued 988000, held 2000; recent 0.0/s over 1.03232228s
application 200 in 0.57ms
10,000/1,000,000 unique accepted successes in 243.62s (41.0/s whole run); 0 failures, 0 retries
runtime process; commands unknown; queued 988000, held 2000; recent 0.0/s over 1.028767727s
application 200 in 0.54ms
11,000/1,000,000 unique accepted successes in 244.67s (45.0/s whole run); 0 failures, 0 retries
runtime process; commands unknown; queued 987000, held 2000; recent 964.7354705855272/s over 1.036553574s
application 200 in 0.67ms
11,000/1,000,000 unique accepted successes in 245.72s (44.8/s whole run); 0 failures, 0 retries
runtime process; commands unknown; queued 987000, held 2000; recent 0.0/s over 1.028711934s
application 200 in 0.61ms
12,000/1,000,000 unique accepted successes in 246.78s (48.6/s whole run); 0 failures, 0 retries
runtime process; commands unknown; queued 986000, held 2000; recent 975.8149561786338/s over 1.024784457s
application 200 in 0.62ms
12,000/1,000,000 unique accepted successes in 247.84s (48.4/s whole run); 0 failures, 0 retries
runtime process; commands unknown; queued 986000, held 2000; recent 0.0/s over 1.048487753s
application 200 in 0.59ms
12,000/1,000,000 unique accepted successes in 248.90s (48.2/s whole run); 0 failures, 0 retries
runtime process; commands unknown; queued 986000, held 2000; recent 0.0/s over 1.035041541s
application 200 in 0.69ms
12,000/1,000,000 unique accepted successes in 249.96s (48.0/s whole run); 0 failures, 0 retries
runtime process; commands unknown; queued 986000, held 2000; recent 0.0/s over 1.037607364s
application 200 in 0.55ms
12,000/1,000,000 unique accepted successes in 251.01s (47.8/s whole run); 0 failures, 0 retries
runtime process; commands unknown; queued 986000, held 2000; recent 0.0/s over 1.029397134s
application 200 in 0.78ms
12,000/1,000,000 unique accepted successes in 252.07s (47.6/s whole run); 0 failures, 0 retries
runtime process; commands unknown; queued 986000, held 2000; recent 0.0/s over 1.025262071s
application 200 in 1.14ms
12,000/1,000,000 unique accepted successes in 253.13s (47.4/s whole run); 0 failures, 0 retries
runtime process; commands unknown; queued 986000, held 2000; recent 0.0/s over 1.020899794s
application 200 in 0.67ms
12,000/1,000,000 unique accepted successes in 254.18s (47.2/s whole run); 0 failures, 0 retries
runtime process; commands unknown; queued 986000, held 2000; recent 0.0/s over 1.027276529s
application 200 in 0.54ms
12,000/1,000,000 unique accepted successes in 255.21s (47.0/s whole run); 0 failures, 0 retries
runtime process; commands unknown; queued 986000, held 2000; recent 0.0/s over 1.029583847s
application 200 in 0.46ms
12,000/1,000,000 unique accepted successes in 256.26s (46.8/s whole run); 0 failures, 0 retries
runtime process; commands unknown; queued 986000, held 2000; recent 0.0/s over 1.028234548s
application 200 in 0.52ms
12,000/1,000,000 unique accepted successes in 257.33s (46.6/s whole run); 0 failures, 0 retries
runtime process; commands unknown; queued 986000, held 2000; recent 0.0/s over 1.040450316s
application 200 in 0.68ms
12,000/1,000,000 unique accepted successes in 258.40s (46.4/s whole run); 0 failures, 0 retries
runtime process; commands unknown; queued 986000, held 2000; recent 0.0/s over 1.037499444s
application 200 in 0.49ms
12,000/1,000,000 unique accepted successes in 259.45s (46.3/s whole run); 0 failures, 0 retries
runtime process; commands unknown; queued 986000, held 2000; recent 0.0/s over 1.04551371s
application 200 in 0.53ms
12,000/1,000,000 unique accepted successes in 260.51s (46.1/s whole run); 0 failures, 0 retries
runtime process; commands unknown; queued 986000, held 2000; recent 0.0/s over 1.033622032s
application 200 in 0.55ms
12,000/1,000,000 unique accepted successes in 261.56s (45.9/s whole run); 0 failures, 0 retries
runtime process; commands unknown; queued 986000, held 2000; recent 0.0/s over 1.022876087s
application 200 in 0.98ms
12,000/1,000,000 unique accepted successes in 262.62s (45.7/s whole run); 0 failures, 0 retries
runtime process; commands unknown; queued 986000, held 2000; recent 0.0/s over 1.022355181s
application 200 in 0.64ms
12,000/1,000,000 unique accepted successes in 263.67s (45.5/s whole run); 0 failures, 0 retries
runtime process; commands unknown; queued 986000, held 2000; recent 0.0/s over 1.037532507s
application 200 in 1.76ms
12,000/1,000,000 unique accepted successes in 264.73s (45.3/s whole run); 0 failures, 0 retries
runtime process; commands unknown; queued 986000, held 2000; recent 0.0/s over 1.030877019s
application 200 in 0.48ms
12,000/1,000,000 unique accepted successes in 265.79s (45.1/s whole run); 0 failures, 0 retries
runtime process; commands unknown; queued 986000, held 2000; recent 0.0/s over 1.033389383s
application 200 in 1.29ms
12,000/1,000,000 unique accepted successes in 266.86s (45.0/s whole run); 0 failures, 0 retries
runtime process; commands unknown; queued 986000, held 2000; recent 0.0/s over 1.029793249s
application 200 in 0.51ms
12,000/1,000,000 unique accepted successes in 267.91s (44.8/s whole run); 0 failures, 0 retries
runtime process; commands unknown; queued 986000, held 2000; recent 0.0/s over 1.003458557s
application 200 in 1.27ms
12,000/1,000,000 unique accepted successes in 268.98s (44.6/s whole run); 0 failures, 0 retries
runtime process; commands unknown; queued 986000, held 2000; recent 0.0/s over 1.069234726s
application 200 in 0.62ms
12,000/1,000,000 unique accepted successes in 270.04s (44.4/s whole run); 0 failures, 0 retries
runtime process; commands unknown; queued 986000, held 2000; recent 0.0/s over 1.039562863s
application 200 in 0.60ms
12,000/1,000,000 unique accepted successes in 271.11s (44.3/s whole run); 0 failures, 0 retries
runtime process; commands unknown; queued 986000, held 2000; recent 0.0/s over 1.027940611s
application 200 in 0.56ms
12,000/1,000,000 unique accepted successes in 272.16s (44.1/s whole run); 0 failures, 0 retries
runtime process; commands unknown; queued 986000, held 2000; recent 0.0/s over 1.033812916s
application 200 in 0.83ms
12,000/1,000,000 unique accepted successes in 273.22s (43.9/s whole run); 0 failures, 0 retries
runtime process; commands unknown; queued 986000, held 2000; recent 0.0/s over 1.030749709s
application 200 in 0.51ms
12,000/1,000,000 unique accepted successes in 274.27s (43.8/s whole run); 0 failures, 0 retries
runtime process; commands unknown; queued 986000, held 2000; recent 0.0/s over 1.03470856s
application 200 in 0.77ms
12,000/1,000,000 unique accepted successes in 275.32s (43.6/s whole run); 0 failures, 0 retries
runtime process; commands unknown; queued 986000, held 2000; recent 0.0/s over 1.028418749s
application 200 in 0.60ms
12,000/1,000,000 unique accepted successes in 276.38s (43.4/s whole run); 0 failures, 0 retries
runtime process; commands unknown; queued 986000, held 2000; recent 0.0/s over 1.031308244s
application 200 in 0.55ms
12,000/1,000,000 unique accepted successes in 277.46s (43.2/s whole run); 0 failures, 0 retries
runtime process; commands unknown; queued 986000, held 2000; recent 0.0/s over 1.029396104s
application 200 in 0.51ms
12,000/1,000,000 unique accepted successes in 278.50s (43.1/s whole run); 0 failures, 0 retries
runtime process; commands unknown; queued 986000, held 2000; recent 0.0/s over 1.057882397s
application 200 in 0.53ms
12,000/1,000,000 unique accepted successes in 279.55s (42.9/s whole run); 0 failures, 0 retries
runtime process; commands unknown; queued 986000, held 2000; recent 0.0/s over 1.037739436s
application 200 in 0.60ms
12,000/1,000,000 unique accepted successes in 280.61s (42.8/s whole run); 0 failures, 0 retries
runtime process; commands unknown; queued 986000, held 2000; recent 0.0/s over 1.035047947s
application 200 in 0.56ms
12,000/1,000,000 unique accepted successes in 281.66s (42.6/s whole run); 0 failures, 0 retries
runtime process; commands unknown; queued 986000, held 2000; recent 0.0/s over 1.027822659s
application 200 in 0.52ms
12,000/1,000,000 unique accepted successes in 282.72s (42.4/s whole run); 0 failures, 0 retries
runtime process; commands unknown; queued 986000, held 2000; recent 0.0/s over 1.03147517s
application 200 in 0.53ms
12,000/1,000,000 unique accepted successes in 283.78s (42.3/s whole run); 0 failures, 0 retries
runtime process; commands unknown; queued 986000, held 2000; recent 0.0/s over 1.024971272s
application 200 in 0.53ms
13,000/1,000,000 unique accepted successes in 284.83s (45.6/s whole run); 0 failures, 0 retries
runtime process; commands unknown; queued 985000, held 2000; recent 971.2785549581848/s over 1.02957076s
application 200 in 0.55ms
13,000/1,000,000 unique accepted successes in 285.89s (45.5/s whole run); 0 failures, 0 retries
runtime process; commands unknown; queued 985000, held 2000; recent 0.0/s over 1.029736743s
application 200 in 0.50ms
14,000/1,000,000 unique accepted successes in 286.95s (48.8/s whole run); 0 failures, 0 retries
runtime process; commands unknown; queued 984000, held 2000; recent 968.2988325667362/s over 1.032739033s
application 200 in 0.53ms
14,000/1,000,000 unique accepted successes in 287.99s (48.6/s whole run); 0 failures, 0 retries
runtime process; commands unknown; queued 984000, held 2000; recent 0.0/s over 1.041238472s
application 200 in 0.53ms
14,000/1,000,000 unique accepted successes in 289.06s (48.4/s whole run); 0 failures, 0 retries
runtime process; commands unknown; queued 984000, held 2000; recent 0.0/s over 1.02905013s
application 200 in 0.61ms
14,000/1,000,000 unique accepted successes in 290.11s (48.3/s whole run); 0 failures, 0 retries
runtime process; commands unknown; queued 984000, held 2000; recent 0.0/s over 1.043266639s
application 200 in 0.70ms
14,000/1,000,000 unique accepted successes in 291.16s (48.1/s whole run); 0 failures, 0 retries
runtime process; commands unknown; queued 984000, held 2000; recent 0.0/s over 1.028272951s
application 200 in 0.57ms
14,000/1,000,000 unique accepted successes in 292.22s (47.9/s whole run); 0 failures, 0 retries
runtime process; commands unknown; queued 984000, held 2000; recent 0.0/s over 1.024156975s
application 200 in 0.58ms
14,000/1,000,000 unique accepted successes in 293.29s (47.7/s whole run); 0 failures, 0 retries
runtime process; commands unknown; queued 984000, held 2000; recent 0.0/s over 1.036061439s
application 200 in 0.59ms
14,000/1,000,000 unique accepted successes in 294.35s (47.6/s whole run); 0 failures, 0 retries
runtime process; commands unknown; queued 984000, held 2000; recent 0.0/s over 1.029378289s
application 200 in 0.57ms
14,000/1,000,000 unique accepted successes in 295.41s (47.4/s whole run); 0 failures, 0 retries
runtime process; commands unknown; queued 984000, held 2000; recent 0.0/s over 1.021057483s
application 200 in 0.54ms
14,000/1,000,000 unique accepted successes in 296.47s (47.2/s whole run); 0 failures, 0 retries
runtime process; commands unknown; queued 984000, held 2000; recent 0.0/s over 1.029842135s
application 200 in 0.61ms
14,000/1,000,000 unique accepted successes in 297.52s (47.1/s whole run); 0 failures, 0 retries
runtime process; commands unknown; queued 984000, held 2000; recent 0.0/s over 1.029507026s
application 200 in 0.64ms
14,000/1,000,000 unique accepted successes in 298.57s (46.9/s whole run); 0 failures, 0 retries
runtime process; commands unknown; queued 984000, held 2000; recent 0.0/s over 1.027726514s
application 200 in 0.48ms
14,000/1,000,000 unique accepted successes in 299.62s (46.7/s whole run); 0 failures, 0 retries
runtime process; commands unknown; queued 984000, held 2000; recent 0.0/s over 1.028730306s
application 200 in 0.47ms
14,000/1,000,000 unique accepted successes in 300.66s (46.6/s whole run); 0 failures, 0 retries
runtime process; commands unknown; queued 984000, held 2000; recent 0.0/s over 1.028059566s
application 200 in 0.48ms
14,000/1,000,000 unique accepted successes in 301.73s (46.4/s whole run); 0 failures, 0 retries
runtime process; commands unknown; queued 984000, held 2000; recent 0.0/s over 1.03029634s
application 200 in 0.53ms
14,000/1,000,000 unique accepted successes in 302.78s (46.2/s whole run); 0 failures, 0 retries
runtime process; commands unknown; queued 984000, held 2000; recent 0.0/s over 1.038361603s
application 200 in 0.51ms
14,000/1,000,000 unique accepted successes in 303.84s (46.1/s whole run); 0 failures, 0 retries
runtime process; commands unknown; queued 984000, held 2000; recent 0.0/s over 1.034093667s
application 200 in 0.52ms
14,000/1,000,000 unique accepted successes in 304.88s (45.9/s whole run); 0 failures, 0 retries
runtime process; commands unknown; queued 984000, held 2000; recent 0.0/s over 1.034528991s
application 200 in 0.54ms
14,000/1,000,000 unique accepted successes in 305.95s (45.8/s whole run); 0 failures, 0 retries
runtime process; commands unknown; queued 984000, held 2000; recent 0.0/s over 1.028788068s
application 200 in 0.55ms
14,000/1,000,000 unique accepted successes in 307.01s (45.6/s whole run); 0 failures, 0 retries
runtime process; commands unknown; queued 984000, held 2000; recent 0.0/s over 1.0352588s
application 200 in 0.61ms
14,000/1,000,000 unique accepted successes in 308.07s (45.4/s whole run); 0 failures, 0 retries
runtime process; commands unknown; queued 984000, held 2000; recent 0.0/s over 1.026884411s
application 200 in 0.56ms
14,000/1,000,000 unique accepted successes in 309.12s (45.3/s whole run); 0 failures, 0 retries
runtime process; commands unknown; queued 984000, held 2000; recent 0.0/s over 1.022686021s
application 200 in 0.72ms
14,000/1,000,000 unique accepted successes in 310.16s (45.1/s whole run); 0 failures, 0 retries
runtime process; commands unknown; queued 984000, held 2000; recent 0.0/s over 1.051419887s
application 200 in 0.74ms
14,000/1,000,000 unique accepted successes in 311.22s (45.0/s whole run); 0 failures, 0 retries
runtime process; commands unknown; queued 984000, held 2000; recent 0.0/s over 1.032668217s
application 200 in 0.64ms
14,000/1,000,000 unique accepted successes in 312.27s (44.8/s whole run); 0 failures, 0 retries
runtime process; commands unknown; queued 984000, held 2000; recent 0.0/s over 1.036564272s
application 200 in 0.62ms
14,000/1,000,000 unique accepted successes in 313.32s (44.7/s whole run); 0 failures, 0 retries
runtime process; commands unknown; queued 984000, held 2000; recent 0.0/s over 1.04061354s
application 200 in 0.50ms
14,000/1,000,000 unique accepted successes in 314.39s (44.5/s whole run); 0 failures, 0 retries
runtime process; commands unknown; queued 984000, held 2000; recent 0.0/s over 1.004310974s
application 200 in 1.24ms
14,000/1,000,000 unique accepted successes in 315.45s (44.4/s whole run); 0 failures, 0 retries
runtime process; commands unknown; queued 984000, held 2000; recent 0.0/s over 1.071218444s
application 200 in 0.44ms
14,000/1,000,000 unique accepted successes in 316.50s (44.2/s whole run); 0 failures, 0 retries
runtime process; commands unknown; queued 984000, held 2000; recent 0.0/s over 1.029881677s
application 200 in 0.57ms
14,000/1,000,000 unique accepted successes in 317.55s (44.1/s whole run); 0 failures, 0 retries
runtime process; commands unknown; queued 984000, held 2000; recent 0.0/s over 1.032963466s
application 200 in 1.26ms
14,000/1,000,000 unique accepted successes in 318.59s (43.9/s whole run); 0 failures, 0 retries
runtime process; commands unknown; queued 984000, held 2000; recent 0.0/s over 1.029269212s
application 200 in 0.46ms
14,000/1,000,000 unique accepted successes in 319.64s (43.8/s whole run); 0 failures, 0 retries
runtime process; commands unknown; queued 984000, held 2000; recent 0.0/s over 1.028037919s
application 200 in 0.51ms
14,000/1,000,000 unique accepted successes in 320.69s (43.7/s whole run); 0 failures, 0 retries
runtime process; commands unknown; queued 984000, held 2000; recent 0.0/s over 1.025147222s
application 200 in 0.49ms
14,000/1,000,000 unique accepted successes in 321.75s (43.5/s whole run); 0 failures, 0 retries
runtime process; commands unknown; queued 984000, held 2000; recent 0.0/s over 1.031043857s
application 200 in 0.58ms
15,000/1,000,000 unique accepted successes in 322.80s (46.5/s whole run); 0 failures, 0 retries
runtime process; commands unknown; queued 983000, held 2000; recent 966.9147717112872/s over 1.034217316s
application 200 in 0.79ms
15,000/1,000,000 unique accepted successes in 323.85s (46.3/s whole run); 0 failures, 0 retries
runtime process; commands unknown; queued 983000, held 2000; recent 0.0/s over 1.03549778s
application 200 in 0.56ms
16,000/1,000,000 unique accepted successes in 324.90s (49.2/s whole run); 0 failures, 0 retries
runtime process; commands unknown; queued 982000, held 2000; recent 971.6382676233806/s over 1.0291896s
application 200 in 0.66ms
16,000/1,000,000 unique accepted successes in 325.97s (49.1/s whole run); 0 failures, 0 retries
runtime process; commands unknown; queued 982000, held 2000; recent 0.0/s over 1.027213003s
application 200 in 0.69ms
16,000/1,000,000 unique accepted successes in 327.02s (48.9/s whole run); 0 failures, 0 retries
runtime process; commands unknown; queued 982000, held 2000; recent 0.0/s over 1.042396064s
application 200 in 0.53ms
16,000/1,000,000 unique accepted successes in 328.08s (48.8/s whole run); 0 failures, 0 retries
runtime process; commands unknown; queued 982000, held 2000; recent 0.0/s over 1.034394311s
application 200 in 0.63ms
16,000/1,000,000 unique accepted successes in 329.12s (48.6/s whole run); 0 failures, 0 retries
runtime process; commands unknown; queued 982000, held 2000; recent 0.0/s over 1.035210266s
application 200 in 0.69ms
16,000/1,000,000 unique accepted successes in 330.17s (48.5/s whole run); 0 failures, 0 retries
runtime process; commands unknown; queued 982000, held 2000; recent 0.0/s over 1.036603442s
application 200 in 0.55ms
16,000/1,000,000 unique accepted successes in 331.25s (48.3/s whole run); 0 failures, 0 retries
runtime process; commands unknown; queued 982000, held 2000; recent 0.0/s over 1.031977044s
application 200 in 0.68ms
16,000/1,000,000 unique accepted successes in 332.30s (48.1/s whole run); 0 failures, 0 retries
runtime process; commands unknown; queued 982000, held 2000; recent 0.0/s over 1.022669268s
application 200 in 0.52ms
16,000/1,000,000 unique accepted successes in 333.36s (48.0/s whole run); 0 failures, 0 retries
runtime process; commands unknown; queued 982000, held 2000; recent 0.0/s over 1.022051947s
application 200 in 0.55ms
16,000/1,000,000 unique accepted successes in 334.41s (47.8/s whole run); 0 failures, 0 retries
runtime process; commands unknown; queued 982000, held 2000; recent 0.0/s over 1.033780109s
application 200 in 0.51ms
16,000/1,000,000 unique accepted successes in 335.47s (47.7/s whole run); 0 failures, 0 retries
runtime process; commands unknown; queued 982000, held 2000; recent 0.0/s over 1.037666497s
application 200 in 0.71ms
16,000/1,000,000 unique accepted successes in 336.52s (47.5/s whole run); 0 failures, 0 retries
runtime process; commands unknown; queued 982000, held 2000; recent 0.0/s over 1.028651685s
application 200 in 0.56ms
16,000/1,000,000 unique accepted successes in 337.59s (47.4/s whole run); 0 failures, 0 retries
runtime process; commands unknown; queued 982000, held 2000; recent 0.0/s over 1.0246618s
application 200 in 0.55ms
16,000/1,000,000 unique accepted successes in 338.64s (47.2/s whole run); 0 failures, 0 retries
runtime process; commands unknown; queued 982000, held 2000; recent 0.0/s over 1.025801763s
application 200 in 0.64ms
16,000/1,000,000 unique accepted successes in 339.69s (47.1/s whole run); 0 failures, 0 retries
runtime process; commands unknown; queued 982000, held 2000; recent 0.0/s over 1.027595529s
application 200 in 0.52ms
16,000/1,000,000 unique accepted successes in 340.75s (47.0/s whole run); 0 failures, 0 retries
runtime process; commands unknown; queued 982000, held 2000; recent 0.0/s over 1.065439719s
application 200 in 0.56ms
16,000/1,000,000 unique accepted successes in 341.82s (46.8/s whole run); 0 failures, 0 retries
runtime process; commands unknown; queued 982000, held 2000; recent 0.0/s over 1.026676435s
application 200 in 0.84ms
16,000/1,000,000 unique accepted successes in 342.88s (46.7/s whole run); 0 failures, 0 retries
runtime process; commands unknown; queued 982000, held 2000; recent 0.0/s over 1.035965757s
application 200 in 0.51ms
16,000/1,000,000 unique accepted successes in 343.93s (46.5/s whole run); 0 failures, 0 retries
runtime process; commands unknown; queued 982000, held 2000; recent 0.0/s over 1.026881029s
application 200 in 0.67ms
16,000/1,000,000 unique accepted successes in 344.99s (46.4/s whole run); 0 failures, 0 retries
runtime process; commands unknown; queued 982000, held 2000; recent 0.0/s over 1.034903661s
application 200 in 0.52ms
16,000/1,000,000 unique accepted successes in 346.04s (46.2/s whole run); 0 failures, 0 retries
runtime process; commands unknown; queued 982000, held 2000; recent 0.0/s over 1.028438814s
application 200 in 0.50ms
16,000/1,000,000 unique accepted successes in 347.10s (46.1/s whole run); 0 failures, 0 retries
runtime process; commands unknown; queued 982000, held 2000; recent 0.0/s over 1.03603123s
application 200 in 0.47ms
16,000/1,000,000 unique accepted successes in 348.16s (46.0/s whole run); 0 failures, 0 retries
runtime process; commands unknown; queued 982000, held 2000; recent 0.0/s over 1.029035041s
application 200 in 0.57ms
16,000/1,000,000 unique accepted successes in 349.23s (45.8/s whole run); 0 failures, 0 retries
runtime process; commands unknown; queued 982000, held 2000; recent 0.0/s over 1.02480382s
application 200 in 0.61ms
16,000/1,000,000 unique accepted successes in 350.28s (45.7/s whole run); 0 failures, 0 retries
runtime process; commands unknown; queued 982000, held 2000; recent 0.0/s over 1.026737881s
application 200 in 0.72ms
16,000/1,000,000 unique accepted successes in 351.35s (45.5/s whole run); 0 failures, 0 retries
runtime process; commands unknown; queued 982000, held 2000; recent 0.0/s over 1.029085907s
application 200 in 0.76ms
16,000/1,000,000 unique accepted successes in 352.41s (45.4/s whole run); 0 failures, 0 retries
runtime process; commands unknown; queued 982000, held 2000; recent 0.0/s over 1.031334432s
application 200 in 0.52ms
16,000/1,000,000 unique accepted successes in 353.46s (45.3/s whole run); 0 failures, 0 retries
runtime process; commands unknown; queued 982000, held 2000; recent 0.0/s over 1.029055122s
application 200 in 0.60ms
16,000/1,000,000 unique accepted successes in 354.53s (45.1/s whole run); 0 failures, 0 retries
runtime process; commands unknown; queued 982000, held 2000; recent 0.0/s over 1.032318623s
application 200 in 0.70ms
16,000/1,000,000 unique accepted successes in 355.59s (45.0/s whole run); 0 failures, 0 retries
runtime process; commands unknown; queued 982000, held 2000; recent 0.0/s over 1.031401423s
application 200 in 0.54ms
16,000/1,000,000 unique accepted successes in 356.64s (44.9/s whole run); 0 failures, 0 retries
runtime process; commands unknown; queued 982000, held 2000; recent 0.0/s over 1.028310433s
application 200 in 0.62ms
16,000/1,000,000 unique accepted successes in 357.72s (44.7/s whole run); 0 failures, 0 retries
runtime process; commands unknown; queued 982000, held 2000; recent 0.0/s over 1.010799784s
application 200 in 0.56ms
16,000/1,000,000 unique accepted successes in 358.78s (44.6/s whole run); 0 failures, 0 retries
runtime process; commands unknown; queued 982000, held 2000; recent 0.0/s over 1.036711244s
application 200 in 0.53ms
16,000/1,000,000 unique accepted successes in 359.84s (44.5/s whole run); 0 failures, 0 retries
runtime process; commands unknown; queued 982000, held 2000; recent 0.0/s over 1.035021363s
application 200 in 0.58ms
16,000/1,000,000 unique accepted successes in 360.90s (44.3/s whole run); 0 failures, 0 retries
runtime process; commands unknown; queued 982000, held 2000; recent 0.0/s over 1.032750012s
application 200 in 0.59ms
16,000/1,000,000 unique accepted successes in 361.95s (44.2/s whole run); 0 failures, 0 retries
runtime process; commands unknown; queued 982000, held 2000; recent 0.0/s over 1.037992133s
application 200 in 0.49ms
17,000/1,000,000 unique accepted successes in 363.00s (46.8/s whole run); 0 failures, 0 retries
runtime process; commands unknown; queued 981000, held 2000; recent 974.0894723253198/s over 1.026599741s
application 200 in 1.10ms
17,000/1,000,000 unique accepted successes in 364.07s (46.7/s whole run); 0 failures, 0 retries
runtime process; commands unknown; queued 981000, held 2000; recent 0.0/s over 1.030327042s
application 200 in 0.53ms
17,000/1,000,000 unique accepted successes in 365.13s (46.6/s whole run); 0 failures, 0 retries
runtime process; commands unknown; queued 981000, held 2000; recent 0.0/s over 1.032818321s
application 200 in 0.58ms
18,000/1,000,000 unique accepted successes in 366.17s (49.2/s whole run); 0 failures, 0 retries
runtime process; commands unknown; queued 980000, held 2000; recent 968.9883768032194/s over 1.032004123s
application 200 in 0.46ms
18,000/1,000,000 unique accepted successes in 367.24s (49.0/s whole run); 0 failures, 0 retries
runtime process; commands unknown; queued 980000, held 2000; recent 0.0/s over 1.035217373s
application 200 in 0.52ms
18,000/1,000,000 unique accepted successes in 368.28s (48.9/s whole run); 0 failures, 0 retries
runtime process; commands unknown; queued 980000, held 2000; recent 0.0/s over 1.033554492s
application 200 in 0.56ms
18,000/1,000,000 unique accepted successes in 369.35s (48.7/s whole run); 0 failures, 0 retries
runtime process; commands unknown; queued 980000, held 2000; recent 0.0/s over 1.028122169s
application 200 in 0.60ms
18,000/1,000,000 unique accepted successes in 370.40s (48.6/s whole run); 0 failures, 0 retries
runtime process; commands unknown; queued 980000, held 2000; recent 0.0/s over 1.027705311s
application 200 in 0.61ms
18,000/1,000,000 unique accepted successes in 371.46s (48.5/s whole run); 0 failures, 0 retries
runtime process; commands unknown; queued 980000, held 2000; recent 0.0/s over 1.066002658s
application 200 in 1.07ms
18,000/1,000,000 unique accepted successes in 372.53s (48.3/s whole run); 0 failures, 0 retries
runtime process; commands unknown; queued 980000, held 2000; recent 0.0/s over 1.020388894s
application 200 in 0.53ms
18,000/1,000,000 unique accepted successes in 373.61s (48.2/s whole run); 0 failures, 0 retries
runtime process; commands unknown; queued 980000, held 2000; recent 0.0/s over 1.033726579s
application 200 in 0.85ms
18,000/1,000,000 unique accepted successes in 374.70s (48.0/s whole run); 0 failures, 0 retries
runtime process; commands unknown; queued 980000, held 2000; recent 0.0/s over 1.031777319s
application 200 in 0.61ms
18,000/1,000,000 unique accepted successes in 375.76s (47.9/s whole run); 0 failures, 0 retries
runtime process; commands unknown; queued 980000, held 2000; recent 0.0/s over 1.030204691s
application 200 in 0.49ms
18,000/1,000,000 unique accepted successes in 376.82s (47.8/s whole run); 0 failures, 0 retries
runtime process; commands unknown; queued 980000, held 2000; recent 0.0/s over 1.032770262s
application 200 in 0.63ms
18,000/1,000,000 unique accepted successes in 377.87s (47.6/s whole run); 0 failures, 0 retries
runtime process; commands unknown; queued 980000, held 2000; recent 0.0/s over 1.033257838s
application 200 in 0.64ms
18,000/1,000,000 unique accepted successes in 378.93s (47.5/s whole run); 0 failures, 0 retries
runtime process; commands unknown; queued 980000, held 2000; recent 0.0/s over 1.034171796s
application 200 in 0.59ms
18,000/1,000,000 unique accepted successes in 379.99s (47.4/s whole run); 0 failures, 0 retries
runtime process; commands unknown; queued 980000, held 2000; recent 0.0/s over 1.030685134s
application 200 in 0.49ms
18,000/1,000,000 unique accepted successes in 381.05s (47.2/s whole run); 0 failures, 0 retries
runtime process; commands unknown; queued 980000, held 2000; recent 0.0/s over 1.03104829s
application 200 in 0.65ms
18,000/1,000,000 unique accepted successes in 382.11s (47.1/s whole run); 0 failures, 0 retries
runtime process; commands unknown; queued 980000, held 2000; recent 0.0/s over 1.03530431s
application 200 in 0.77ms
18,000/1,000,000 unique accepted successes in 383.17s (47.0/s whole run); 0 failures, 0 retries
runtime process; commands unknown; queued 980000, held 2000; recent 0.0/s over 1.031788397s
application 200 in 0.64ms
18,000/1,000,000 unique accepted successes in 384.22s (46.8/s whole run); 0 failures, 0 retries
runtime process; commands unknown; queued 980000, held 2000; recent 0.0/s over 1.032304223s
application 200 in 0.57ms
18,000/1,000,000 unique accepted successes in 385.28s (46.7/s whole run); 0 failures, 0 retries
runtime process; commands unknown; queued 980000, held 2000; recent 0.0/s over 1.033029219s
application 200 in 0.60ms
18,000/1,000,000 unique accepted successes in 386.33s (46.6/s whole run); 0 failures, 0 retries
runtime process; commands unknown; queued 980000, held 2000; recent 0.0/s over 1.039365401s
application 200 in 0.45ms
18,000/1,000,000 unique accepted successes in 387.39s (46.5/s whole run); 0 failures, 0 retries
runtime process; commands unknown; queued 980000, held 2000; recent 0.0/s over 1.030585977s
application 200 in 0.63ms
18,000/1,000,000 unique accepted successes in 388.44s (46.3/s whole run); 0 failures, 0 retries
runtime process; commands unknown; queued 980000, held 2000; recent 0.0/s over 1.032332326s
application 200 in 0.55ms
18,000/1,000,000 unique accepted successes in 389.49s (46.2/s whole run); 0 failures, 0 retries
runtime process; commands unknown; queued 980000, held 2000; recent 0.0/s over 1.031414126s
application 200 in 0.52ms
18,000/1,000,000 unique accepted successes in 390.55s (46.1/s whole run); 0 failures, 0 retries
runtime process; commands unknown; queued 980000, held 2000; recent 0.0/s over 1.029228529s
application 200 in 0.58ms
18,000/1,000,000 unique accepted successes in 391.60s (46.0/s whole run); 0 failures, 0 retries
runtime process; commands unknown; queued 980000, held 2000; recent 0.0/s over 1.028717587s
application 200 in 0.53ms
18,000/1,000,000 unique accepted successes in 392.67s (45.8/s whole run); 0 failures, 0 retries
runtime process; commands unknown; queued 980000, held 2000; recent 0.0/s over 1.028168937s
application 200 in 0.85ms
18,000/1,000,000 unique accepted successes in 393.73s (45.7/s whole run); 0 failures, 0 retries
runtime process; commands unknown; queued 980000, held 2000; recent 0.0/s over 1.031342144s
application 200 in 0.71ms
18,000/1,000,000 unique accepted successes in 394.81s (45.6/s whole run); 0 failures, 0 retries
runtime process; commands unknown; queued 980000, held 2000; recent 0.0/s over 1.026178453s
application 200 in 0.62ms
18,000/1,000,000 unique accepted successes in 395.87s (45.5/s whole run); 0 failures, 0 retries
runtime process; commands unknown; queued 980000, held 2000; recent 0.0/s over 1.026060269s
application 200 in 0.66ms
18,000/1,000,000 unique accepted successes in 396.92s (45.3/s whole run); 0 failures, 0 retries
runtime process; commands unknown; queued 980000, held 2000; recent 0.0/s over 1.021384445s
application 200 in 0.74ms
18,000/1,000,000 unique accepted successes in 397.98s (45.2/s whole run); 0 failures, 0 retries
runtime process; commands unknown; queued 980000, held 2000; recent 0.0/s over 1.0337089s
application 200 in 0.45ms
18,000/1,000,000 unique accepted successes in 399.04s (45.1/s whole run); 0 failures, 0 retries
runtime process; commands unknown; queued 980000, held 2000; recent 0.0/s over 1.030189072s
application 200 in 0.50ms
18,000/1,000,000 unique accepted successes in 400.08s (45.0/s whole run); 0 failures, 0 retries
runtime process; commands unknown; queued 980000, held 2000; recent 0.0/s over 1.031330534s
application 200 in 0.48ms
18,000/1,000,000 unique accepted successes in 401.14s (44.9/s whole run); 0 failures, 0 retries
runtime process; commands unknown; queued 980000, held 2000; recent 0.0/s over 1.034429365s
application 200 in 0.75ms
19,000/1,000,000 unique accepted successes in 402.21s (47.2/s whole run); 0 failures, 0 retries
runtime process; commands unknown; queued 979000, held 2000; recent 925.9790925588236/s over 1.07993799s
application 200 in 0.67ms
19,000/1,000,000 unique accepted successes in 403.26s (47.1/s whole run); 0 failures, 0 retries
runtime process; commands unknown; queued 979000, held 2000; recent 0.0/s over 1.035986736s
application 200 in 0.59ms
20,000/1,000,000 unique accepted successes in 404.31s (49.5/s whole run); 0 failures, 0 retries
runtime process; commands unknown; queued 978000, held 2000; recent 968.1194630373805/s over 1.032930375s
application 200 in 0.52ms
20,000/1,000,000 unique accepted successes in 405.37s (49.3/s whole run); 0 failures, 0 retries
runtime process; commands unknown; queued 978000, held 2000; recent 0.0/s over 1.026069154s
application 200 in 0.80ms
20,000/1,000,000 unique accepted successes in 406.42s (49.2/s whole run); 0 failures, 0 retries
runtime process; commands unknown; queued 978000, held 2000; recent 0.0/s over 1.027378829s
application 200 in 0.59ms
20,000/1,000,000 unique accepted successes in 407.47s (49.1/s whole run); 0 failures, 0 retries
runtime process; commands unknown; queued 978000, held 2000; recent 0.0/s over 1.038596886s
application 200 in 0.53ms
20,000/1,000,000 unique accepted successes in 408.53s (49.0/s whole run); 0 failures, 0 retries
runtime process; commands unknown; queued 978000, held 2000; recent 0.0/s over 1.024506581s
application 200 in 0.85ms
20,000/1,000,000 unique accepted successes in 409.58s (48.8/s whole run); 0 failures, 0 retries
runtime process; commands unknown; queued 978000, held 2000; recent 0.0/s over 1.032675834s
application 200 in 0.54ms
20,000/1,000,000 unique accepted successes in 410.63s (48.7/s whole run); 0 failures, 0 retries
runtime process; commands unknown; queued 978000, held 2000; recent 0.0/s over 1.03273607s
application 200 in 0.68ms
20,000/1,000,000 unique accepted successes in 411.69s (48.6/s whole run); 0 failures, 0 retries
runtime process; commands unknown; queued 978000, held 2000; recent 0.0/s over 1.026953078s
application 200 in 0.48ms
20,000/1,000,000 unique accepted successes in 412.74s (48.5/s whole run); 0 failures, 0 retries
runtime process; commands unknown; queued 978000, held 2000; recent 0.0/s over 1.027144316s
application 200 in 0.78ms
20,000/1,000,000 unique accepted successes in 413.80s (48.3/s whole run); 0 failures, 0 retries
runtime process; commands unknown; queued 978000, held 2000; recent 0.0/s over 1.025934489s
application 200 in 0.61ms
20,000/1,000,000 unique accepted successes in 414.86s (48.2/s whole run); 0 failures, 0 retries
runtime process; commands unknown; queued 978000, held 2000; recent 0.0/s over 1.027694587s
application 200 in 0.52ms
20,000/1,000,000 unique accepted successes in 415.91s (48.1/s whole run); 0 failures, 0 retries
runtime process; commands unknown; queued 978000, held 2000; recent 0.0/s over 1.027248648s
application 200 in 0.63ms
20,000/1,000,000 unique accepted successes in 416.98s (48.0/s whole run); 0 failures, 0 retries
runtime process; commands unknown; queued 978000, held 2000; recent 0.0/s over 1.037173515s
application 200 in 0.49ms
20,000/1,000,000 unique accepted successes in 418.04s (47.8/s whole run); 0 failures, 0 retries
runtime process; commands unknown; queued 978000, held 2000; recent 0.0/s over 1.033123387s
application 200 in 0.90ms
20,000/1,000,000 unique accepted successes in 419.09s (47.7/s whole run); 0 failures, 0 retries
runtime process; commands unknown; queued 978000, held 2000; recent 0.0/s over 1.037141025s
application 200 in 0.49ms
20,000/1,000,000 unique accepted successes in 420.15s (47.6/s whole run); 0 failures, 0 retries
runtime process; commands unknown; queued 978000, held 2000; recent 0.0/s over 1.024237535s
application 200 in 0.75ms
20,000/1,000,000 unique accepted successes in 421.21s (47.5/s whole run); 0 failures, 0 retries
runtime process; commands unknown; queued 978000, held 2000; recent 0.0/s over 1.031180016s
application 200 in 0.48ms
20,000/1,000,000 unique accepted successes in 422.26s (47.4/s whole run); 0 failures, 0 retries
runtime process; commands unknown; queued 978000, held 2000; recent 0.0/s over 1.043819346s
application 200 in 0.60ms
20,000/1,000,000 unique accepted successes in 423.32s (47.2/s whole run); 0 failures, 0 retries
runtime process; commands unknown; queued 978000, held 2000; recent 0.0/s over 1.030359138s
application 200 in 0.59ms
20,000/1,000,000 unique accepted successes in 424.39s (47.1/s whole run); 0 failures, 0 retries
runtime process; commands unknown; queued 978000, held 2000; recent 0.0/s over 1.050939315s
application 200 in 0.51ms
20,000/1,000,000 unique accepted successes in 425.44s (47.0/s whole run); 0 failures, 0 retries
runtime process; commands unknown; queued 978000, held 2000; recent 0.0/s over 1.03747219s
application 200 in 0.58ms
20,000/1,000,000 unique accepted successes in 426.50s (46.9/s whole run); 0 failures, 0 retries
runtime process; commands unknown; queued 978000, held 2000; recent 0.0/s over 1.030223215s
application 200 in 0.66ms
20,000/1,000,000 unique accepted successes in 427.56s (46.8/s whole run); 0 failures, 0 retries
runtime process; commands unknown; queued 978000, held 2000; recent 0.0/s over 1.039210649s
application 200 in 0.56ms
20,000/1,000,000 unique accepted successes in 428.63s (46.7/s whole run); 0 failures, 0 retries
runtime process; commands unknown; queued 978000, held 2000; recent 0.0/s over 1.03276148s
application 200 in 0.78ms
20,000/1,000,000 unique accepted successes in 429.69s (46.5/s whole run); 0 failures, 0 retries
runtime process; commands unknown; queued 978000, held 2000; recent 0.0/s over 1.031025226s
application 200 in 0.49ms
20,000/1,000,000 unique accepted successes in 430.75s (46.4/s whole run); 0 failures, 0 retries
runtime process; commands unknown; queued 978000, held 2000; recent 0.0/s over 1.035927839s
application 200 in 0.56ms
20,000/1,000,000 unique accepted successes in 431.81s (46.3/s whole run); 0 failures, 0 retries
runtime process; commands unknown; queued 978000, held 2000; recent 0.0/s over 1.037074926s
application 200 in 0.47ms
20,000/1,000,000 unique accepted successes in 432.86s (46.2/s whole run); 0 failures, 0 retries
runtime process; commands unknown; queued 978000, held 2000; recent 0.0/s over 1.022522369s
application 200 in 0.72ms
20,000/1,000,000 unique accepted successes in 433.93s (46.1/s whole run); 0 failures, 0 retries
runtime process; commands unknown; queued 978000, held 2000; recent 0.0/s over 1.066263026s
application 200 in 0.52ms
20,000/1,000,000 unique accepted successes in 434.99s (46.0/s whole run); 0 failures, 0 retries
runtime process; commands unknown; queued 978000, held 2000; recent 0.0/s over 1.027148253s
application 200 in 0.60ms
20,000/1,000,000 unique accepted successes in 436.05s (45.9/s whole run); 0 failures, 0 retries
runtime process; commands unknown; queued 978000, held 2000; recent 0.0/s over 1.028419718s
application 200 in 0.84ms
20,000/1,000,000 unique accepted successes in 437.10s (45.8/s whole run); 0 failures, 0 retries
runtime process; commands unknown; queued 978000, held 2000; recent 0.0/s over 1.031179084s
application 200 in 0.62ms
20,000/1,000,000 unique accepted successes in 438.16s (45.6/s whole run); 0 failures, 0 retries
runtime process; commands unknown; queued 978000, held 2000; recent 0.0/s over 1.032312464s
application 200 in 0.76ms
20,000/1,000,000 unique accepted successes in 439.21s (45.5/s whole run); 0 failures, 0 retries
runtime process; commands unknown; queued 978000, held 2000; recent 0.0/s over 1.036070348s
application 200 in 0.52ms
21,000/1,000,000 unique accepted successes in 440.26s (47.7/s whole run); 0 failures, 0 retries
runtime process; commands unknown; queued 977000, held 2000; recent 0.0/s over 1.030673949s
application 200 in 0.64ms
21,000/1,000,000 unique accepted successes in 441.32s (47.6/s whole run); 0 failures, 0 retries
runtime process; commands unknown; queued 977000, held 2000; recent 971.9384099968966/s over 1.028871778s
application 200 in 0.74ms
21,000/1,000,000 unique accepted successes in 442.37s (47.5/s whole run); 0 failures, 0 retries
runtime process; commands unknown; queued 977000, held 2000; recent 0.0/s over 1.026658768s
application 200 in 0.55ms
22,000/1,000,000 unique accepted successes in 443.44s (49.6/s whole run); 0 failures, 0 retries
runtime process; commands unknown; queued 976000, held 2000; recent 972.4612179378722/s over 1.028318643s
application 200 in 0.62ms
22,000/1,000,000 unique accepted successes in 444.51s (49.5/s whole run); 0 failures, 0 retries
runtime process; commands unknown; queued 976000, held 2000; recent 0.0/s over 1.028298127s
application 200 in 0.60ms
22,000/1,000,000 unique accepted successes in 445.57s (49.4/s whole run); 0 failures, 0 retries
runtime process; commands unknown; queued 976000, held 2000; recent 0.0/s over 1.040947039s
application 200 in 0.69ms
22,000/1,000,000 unique accepted successes in 446.63s (49.3/s whole run); 0 failures, 0 retries
runtime process; commands unknown; queued 976000, held 2000; recent 0.0/s over 1.033566064s
application 200 in 0.70ms
22,000/1,000,000 unique accepted successes in 447.69s (49.1/s whole run); 0 failures, 0 retries
runtime process; commands unknown; queued 976000, held 2000; recent 0.0/s over 1.044611989s
application 200 in 1.15ms
22,000/1,000,000 unique accepted successes in 448.95s (49.0/s whole run); 0 failures, 0 retries
runtime process; commands unknown; queued 976000, held 2000; recent 0.0/s over 1.031100452s
application 200 in 1.08ms
22,000/1,000,000 unique accepted successes in 450.04s (48.9/s whole run); 0 failures, 0 retries
runtime process; commands unknown; queued 976000, held 2000; recent 0.0/s over 1.028253555s
application 200 in 0.59ms
22,000/1,000,000 unique accepted successes in 451.10s (48.8/s whole run); 0 failures, 0 retries
runtime process; commands unknown; queued 976000, held 2000; recent 0.0/s over 1.021883558s
application 200 in 0.57ms
22,000/1,000,000 unique accepted successes in 452.15s (48.7/s whole run); 0 failures, 0 retries
runtime process; commands unknown; queued 976000, held 2000; recent 0.0/s over 1.029893972s
application 200 in 0.71ms
22,000/1,000,000 unique accepted successes in 453.21s (48.5/s whole run); 0 failures, 0 retries
runtime process; commands unknown; queued 976000, held 2000; recent 0.0/s over 1.031967868s
application 200 in 0.57ms
22,000/1,000,000 unique accepted successes in 454.26s (48.4/s whole run); 0 failures, 0 retries
runtime process; commands unknown; queued 976000, held 2000; recent 0.0/s over 1.033186666s
application 200 in 0.55ms
22,000/1,000,000 unique accepted successes in 455.32s (48.3/s whole run); 0 failures, 0 retries
runtime process; commands unknown; queued 976000, held 2000; recent 0.0/s over 1.030139517s
application 200 in 0.64ms
22,000/1,000,000 unique accepted successes in 456.38s (48.2/s whole run); 0 failures, 0 retries
runtime process; commands unknown; queued 976000, held 2000; recent 0.0/s over 1.027861006s
application 200 in 0.80ms
22,000/1,000,000 unique accepted successes in 457.43s (48.1/s whole run); 0 failures, 0 retries
runtime process; commands unknown; queued 976000, held 2000; recent 0.0/s over 1.024215222s
application 200 in 0.61ms
22,000/1,000,000 unique accepted successes in 458.49s (48.0/s whole run); 0 failures, 0 retries
runtime process; commands unknown; queued 976000, held 2000; recent 0.0/s over 1.025666524s
application 200 in 0.52ms
22,000/1,000,000 unique accepted successes in 459.54s (47.9/s whole run); 0 failures, 0 retries
runtime process; commands unknown; queued 976000, held 2000; recent 0.0/s over 1.032486834s
application 200 in 0.58ms
22,000/1,000,000 unique accepted successes in 460.59s (47.8/s whole run); 0 failures, 0 retries
runtime process; commands unknown; queued 976000, held 2000; recent 0.0/s over 1.027056895s
application 200 in 0.50ms
22,000/1,000,000 unique accepted successes in 461.65s (47.7/s whole run); 0 failures, 0 retries
runtime process; commands unknown; queued 976000, held 2000; recent 0.0/s over 1.033234653s
application 200 in 0.53ms
22,000/1,000,000 unique accepted successes in 462.70s (47.5/s whole run); 0 failures, 0 retries
runtime process; commands unknown; queued 976000, held 2000; recent 0.0/s over 1.026772029s
application 200 in 0.52ms
22,000/1,000,000 unique accepted successes in 463.75s (47.4/s whole run); 0 failures, 0 retries
runtime process; commands unknown; queued 976000, held 2000; recent 0.0/s over 1.029517312s
application 200 in 0.51ms
22,000/1,000,000 unique accepted successes in 464.80s (47.3/s whole run); 0 failures, 0 retries
runtime process; commands unknown; queued 976000, held 2000; recent 0.0/s over 1.054577721s
application 200 in 0.49ms
22,000/1,000,000 unique accepted successes in 465.85s (47.2/s whole run); 0 failures, 0 retries
runtime process; commands unknown; queued 976000, held 2000; recent 0.0/s over 1.025337506s
application 200 in 0.57ms
22,000/1,000,000 unique accepted successes in 466.91s (47.1/s whole run); 0 failures, 0 retries
runtime process; commands unknown; queued 976000, held 2000; recent 0.0/s over 1.036373761s
application 200 in 0.49ms
22,000/1,000,000 unique accepted successes in 467.96s (47.0/s whole run); 0 failures, 0 retries
runtime process; commands unknown; queued 976000, held 2000; recent 0.0/s over 1.036003741s
application 200 in 0.54ms
22,000/1,000,000 unique accepted successes in 469.02s (46.9/s whole run); 0 failures, 0 retries
runtime process; commands unknown; queued 976000, held 2000; recent 0.0/s over 1.036566569s
application 200 in 0.74ms
22,000/1,000,000 unique accepted successes in 470.08s (46.8/s whole run); 0 failures, 0 retries
runtime process; commands unknown; queued 976000, held 2000; recent 0.0/s over 1.028458045s
application 200 in 0.49ms
22,000/1,000,000 unique accepted successes in 471.14s (46.7/s whole run); 0 failures, 0 retries
runtime process; commands unknown; queued 976000, held 2000; recent 0.0/s over 1.034488299s
application 200 in 0.48ms
22,000/1,000,000 unique accepted successes in 472.18s (46.6/s whole run); 0 failures, 0 retries
runtime process; commands unknown; queued 976000, held 2000; recent 0.0/s over 1.034094321s
application 200 in 0.51ms
22,000/1,000,000 unique accepted successes in 473.24s (46.5/s whole run); 0 failures, 0 retries
runtime process; commands unknown; queued 976000, held 2000; recent 0.0/s over 1.03973986s
application 200 in 0.52ms
22,000/1,000,000 unique accepted successes in 474.29s (46.4/s whole run); 0 failures, 0 retries
runtime process; commands unknown; queued 976000, held 2000; recent 0.0/s over 1.037504475s
application 200 in 0.49ms
22,000/1,000,000 unique accepted successes in 475.34s (46.3/s whole run); 0 failures, 0 retries
runtime process; commands unknown; queued 976000, held 2000; recent 0.0/s over 1.027680422s
application 200 in 0.55ms
22,000/1,000,000 unique accepted successes in 476.39s (46.2/s whole run); 0 failures, 0 retries
runtime process; commands unknown; queued 976000, held 2000; recent 0.0/s over 1.02596588s
application 200 in 0.66ms
22,000/1,000,000 unique accepted successes in 477.45s (46.1/s whole run); 0 failures, 0 retries
runtime process; commands unknown; queued 976000, held 2000; recent 0.0/s over 1.026228038s
application 200 in 0.59ms
22,000/1,000,000 unique accepted successes in 478.51s (46.0/s whole run); 0 failures, 0 retries
runtime process; commands unknown; queued 976000, held 2000; recent 0.0/s over 1.002667034s
application 200 in 1.39ms
23,000/1,000,000 unique accepted successes in 479.56s (48.0/s whole run); 0 failures, 0 retries
runtime process; commands unknown; queued 975000, held 2000; recent 945.0685698281114/s over 1.05812428s
application 200 in 0.72ms
23,000/1,000,000 unique accepted successes in 480.60s (47.9/s whole run); 0 failures, 0 retries
runtime process; commands unknown; queued 975000, held 2000; recent 0.0/s over 1.035714809s
application 200 in 0.41ms
23,000/1,000,000 unique accepted successes in 481.65s (47.8/s whole run); 0 failures, 0 retries
runtime process; commands unknown; queued 975000, held 2000; recent 0.0/s over 1.035943216s
application 200 in 0.48ms
23,000/1,000,000 unique accepted successes in 482.72s (47.6/s whole run); 0 failures, 0 retries
runtime process; commands unknown; queued 975000, held 2000; recent 0.0/s over 1.038353451s
application 200 in 0.55ms
24,000/1,000,000 unique accepted successes in 483.78s (49.6/s whole run); 0 failures, 0 retries
runtime process; commands unknown; queued 974000, held 2000; recent 977.6188687417956/s over 1.022893514s
application 200 in 0.48ms
24,000/1,000,000 unique accepted successes in 484.84s (49.5/s whole run); 0 failures, 0 retries
runtime process; commands unknown; queued 974000, held 2000; recent 0.0/s over 1.033604928s
application 200 in 0.51ms
24,000/1,000,000 unique accepted successes in 485.91s (49.4/s whole run); 0 failures, 0 retries
runtime process; commands unknown; queued 974000, held 2000; recent 0.0/s over 1.02757219s
application 200 in 0.55ms
24,000/1,000,000 unique accepted successes in 486.96s (49.3/s whole run); 0 failures, 0 retries
runtime process; commands unknown; queued 974000, held 2000; recent 0.0/s over 1.030680353s
application 200 in 0.53ms
24,000/1,000,000 unique accepted successes in 488.02s (49.2/s whole run); 0 failures, 0 retries
runtime process; commands unknown; queued 974000, held 2000; recent 0.0/s over 1.033998104s
application 200 in 0.74ms
24,000/1,000,000 unique accepted successes in 489.09s (49.1/s whole run); 0 failures, 0 retries
runtime process; commands unknown; queued 974000, held 2000; recent 0.0/s over 1.041593132s
application 200 in 0.52ms
24,000/1,000,000 unique accepted successes in 490.14s (49.0/s whole run); 0 failures, 0 retries
runtime process; commands unknown; queued 974000, held 2000; recent 0.0/s over 1.02763393s
application 200 in 0.55ms
24,000/1,000,000 unique accepted successes in 491.20s (48.9/s whole run); 0 failures, 0 retries
runtime process; commands unknown; queued 974000, held 2000; recent 0.0/s over 1.02839468s
application 200 in 0.55ms
24,000/1,000,000 unique accepted successes in 492.26s (48.8/s whole run); 0 failures, 0 retries
runtime process; commands unknown; queued 974000, held 2000; recent 0.0/s over 1.02864317s
application 200 in 0.92ms
24,000/1,000,000 unique accepted successes in 493.32s (48.6/s whole run); 0 failures, 0 retries
runtime process; commands unknown; queued 974000, held 2000; recent 0.0/s over 1.036674582s
application 200 in 0.49ms
24,000/1,000,000 unique accepted successes in 494.38s (48.5/s whole run); 0 failures, 0 retries
runtime process; commands unknown; queued 974000, held 2000; recent 0.0/s over 1.031629778s
application 200 in 0.62ms
24,000/1,000,000 unique accepted successes in 495.43s (48.4/s whole run); 0 failures, 0 retries
runtime process; commands unknown; queued 974000, held 2000; recent 0.0/s over 1.056999682s
application 200 in 0.61ms
24,000/1,000,000 unique accepted successes in 496.48s (48.3/s whole run); 0 failures, 0 retries
runtime process; commands unknown; queued 974000, held 2000; recent 0.0/s over 1.031220869s
application 200 in 0.50ms
24,000/1,000,000 unique accepted successes in 497.54s (48.2/s whole run); 0 failures, 0 retries
runtime process; commands unknown; queued 974000, held 2000; recent 0.0/s over 1.034047361s
application 200 in 0.50ms
24,000/1,000,000 unique accepted successes in 498.58s (48.1/s whole run); 0 failures, 0 retries
runtime process; commands unknown; queued 974000, held 2000; recent 0.0/s over 1.040025155s
application 200 in 0.60ms
24,000/1,000,000 unique accepted successes in 499.64s (48.0/s whole run); 0 failures, 0 retries
runtime process; commands unknown; queued 974000, held 2000; recent 0.0/s over 1.03175638s
application 200 in 0.55ms
24,000/1,000,000 unique accepted successes in 500.69s (47.9/s whole run); 0 failures, 0 retries
runtime process; commands unknown; queued 974000, held 2000; recent 0.0/s over 1.035572431s
application 200 in 0.97ms
24,000/1,000,000 unique accepted successes in 501.76s (47.8/s whole run); 0 failures, 0 retries
runtime process; commands unknown; queued 974000, held 2000; recent 0.0/s over 1.030522085s
application 200 in 0.60ms
24,000/1,000,000 unique accepted successes in 502.80s (47.7/s whole run); 0 failures, 0 retries
runtime process; commands unknown; queued 974000, held 2000; recent 0.0/s over 1.02536757s
application 200 in 0.76ms
24,000/1,000,000 unique accepted successes in 503.86s (47.6/s whole run); 0 failures, 0 retries
runtime process; commands unknown; queued 974000, held 2000; recent 0.0/s over 1.025711897s
application 200 in 0.49ms
24,000/1,000,000 unique accepted successes in 504.92s (47.5/s whole run); 0 failures, 0 retries
runtime process; commands unknown; queued 974000, held 2000; recent 0.0/s over 1.026084641s
application 200 in 1.12ms
24,000/1,000,000 unique accepted successes in 505.98s (47.4/s whole run); 0 failures, 0 retries
runtime process; commands unknown; queued 974000, held 2000; recent 0.0/s over 1.031246212s
application 200 in 0.48ms
24,000/1,000,000 unique accepted successes in 507.03s (47.3/s whole run); 0 failures, 0 retries
runtime process; commands unknown; queued 974000, held 2000; recent 0.0/s over 1.025835611s
application 200 in 0.48ms
24,000/1,000,000 unique accepted successes in 508.09s (47.2/s whole run); 0 failures, 0 retries
runtime process; commands unknown; queued 974000, held 2000; recent 0.0/s over 1.032014199s
application 200 in 0.54ms
24,000/1,000,000 unique accepted successes in 509.15s (47.1/s whole run); 0 failures, 0 retries
runtime process; commands unknown; queued 974000, held 2000; recent 0.0/s over 1.032409277s
application 200 in 0.55ms
24,000/1,000,000 unique accepted successes in 510.23s (47.0/s whole run); 0 failures, 0 retries
runtime process; commands unknown; queued 974000, held 2000; recent 0.0/s over 1.031982299s
application 200 in 0.59ms
24,000/1,000,000 unique accepted successes in 511.29s (46.9/s whole run); 0 failures, 0 retries
runtime process; commands unknown; queued 974000, held 2000; recent 0.0/s over 1.029990128s
application 200 in 0.62ms
24,000/1,000,000 unique accepted successes in 512.35s (46.8/s whole run); 0 failures, 0 retries
runtime process; commands unknown; queued 974000, held 2000; recent 0.0/s over 1.032684702s
application 200 in 0.53ms
24,000/1,000,000 unique accepted successes in 513.39s (46.7/s whole run); 0 failures, 0 retries
runtime process; commands unknown; queued 974000, held 2000; recent 0.0/s over 1.025872411s
application 200 in 0.62ms
24,000/1,000,000 unique accepted successes in 514.45s (46.7/s whole run); 0 failures, 0 retries
runtime process; commands unknown; queued 974000, held 2000; recent 0.0/s over 1.033037765s
application 200 in 0.50ms
24,000/1,000,000 unique accepted successes in 515.52s (46.6/s whole run); 0 failures, 0 retries
runtime process; commands unknown; queued 974000, held 2000; recent 0.0/s over 1.026709859s
application 200 in 0.53ms
24,000/1,000,000 unique accepted successes in 516.58s (46.5/s whole run); 0 failures, 0 retries
runtime process; commands unknown; queued 974000, held 2000; recent 0.0/s over 1.036943179s
application 200 in 0.65ms
25,000/1,000,000 unique accepted successes in 517.64s (48.3/s whole run); 0 failures, 0 retries
runtime process; commands unknown; queued 973000, held 2000; recent 0.0/s over 1.030779149s
application 200 in 0.59ms
25,000/1,000,000 unique accepted successes in 518.70s (48.2/s whole run); 0 failures, 0 retries
runtime process; commands unknown; queued 973000, held 2000; recent 969.0811931885842/s over 1.03190528s
application 200 in 0.46ms
25,000/1,000,000 unique accepted successes in 519.75s (48.1/s whole run); 0 failures, 0 retries
runtime process; commands unknown; queued 973000, held 2000; recent 0.0/s over 1.021944856s
application 200 in 0.50ms
25,000/1,000,000 unique accepted successes in 520.80s (48.0/s whole run); 0 failures, 0 retries
runtime process; commands unknown; queued 973000, held 2000; recent 0.0/s over 1.000427817s
application 200 in 0.54ms
25,000/1,000,000 unique accepted successes in 521.86s (47.9/s whole run); 0 failures, 0 retries
runtime process; commands unknown; queued 973000, held 2000; recent 0.0/s over 1.062171095s
application 200 in 1.05ms
26,000/1,000,000 unique accepted successes in 522.91s (49.7/s whole run); 0 failures, 0 retries
runtime process; commands unknown; queued 972000, held 2000; recent 973.4723726141042/s over 1.027250519s
application 200 in 0.45ms
26,000/1,000,000 unique accepted successes in 523.97s (49.6/s whole run); 0 failures, 0 retries
runtime process; commands unknown; queued 972000, held 2000; recent 0.0/s over 1.027103212s
application 200 in 0.52ms
26,000/1,000,000 unique accepted successes in 525.02s (49.5/s whole run); 0 failures, 0 retries
runtime process; commands unknown; queued 972000, held 2000; recent 0.0/s over 1.033107546s
application 200 in 0.53ms
26,000/1,000,000 unique accepted successes in 526.06s (49.4/s whole run); 0 failures, 0 retries
runtime process; commands unknown; queued 972000, held 2000; recent 0.0/s over 1.06894657s
application 200 in 0.50ms
26,000/1,000,000 unique accepted successes in 527.13s (49.3/s whole run); 0 failures, 0 retries
runtime process; commands unknown; queued 972000, held 2000; recent 0.0/s over 1.030085432s
application 200 in 0.67ms
26,000/1,000,000 unique accepted successes in 528.18s (49.2/s whole run); 0 failures, 0 retries
runtime process; commands unknown; queued 972000, held 2000; recent 0.0/s over 1.03292159s
application 200 in 0.54ms
26,000/1,000,000 unique accepted successes in 529.25s (49.1/s whole run); 0 failures, 0 retries
runtime process; commands unknown; queued 972000, held 2000; recent 0.0/s over 1.035879583s
application 200 in 0.50ms
26,000/1,000,000 unique accepted successes in 530.31s (49.0/s whole run); 0 failures, 0 retries
runtime process; commands unknown; queued 972000, held 2000; recent 0.0/s over 1.043145438s
application 200 in 0.76ms
26,000/1,000,000 unique accepted successes in 531.36s (48.9/s whole run); 0 failures, 0 retries
runtime process; commands unknown; queued 972000, held 2000; recent 0.0/s over 1.022942351s
application 200 in 0.79ms
26,000/1,000,000 unique accepted successes in 532.42s (48.8/s whole run); 0 failures, 0 retries
runtime process; commands unknown; queued 972000, held 2000; recent 0.0/s over 1.036210802s
application 200 in 0.57ms
26,000/1,000,000 unique accepted successes in 533.48s (48.7/s whole run); 0 failures, 0 retries
runtime process; commands unknown; queued 972000, held 2000; recent 0.0/s over 1.028589627s
application 200 in 0.51ms
26,000/1,000,000 unique accepted successes in 534.54s (48.6/s whole run); 0 failures, 0 retries
runtime process; commands unknown; queued 972000, held 2000; recent 0.0/s over 1.026958796s
application 200 in 0.52ms
26,000/1,000,000 unique accepted successes in 535.60s (48.5/s whole run); 0 failures, 0 retries
runtime process; commands unknown; queued 972000, held 2000; recent 0.0/s over 1.033131925s
application 200 in 0.61ms
26,000/1,000,000 unique accepted successes in 536.65s (48.4/s whole run); 0 failures, 0 retries
runtime process; commands unknown; queued 972000, held 2000; recent 0.0/s over 1.031683515s
application 200 in 0.51ms
26,000/1,000,000 unique accepted successes in 537.77s (48.3/s whole run); 0 failures, 0 retries
runtime process; commands unknown; queued 972000, held 2000; recent 0.0/s over 1.030081727s
application 200 in 0.58ms
26,000/1,000,000 unique accepted successes in 538.82s (48.3/s whole run); 0 failures, 0 retries
runtime process; commands unknown; queued 972000, held 2000; recent 0.0/s over 1.030177425s
application 200 in 0.58ms
26,000/1,000,000 unique accepted successes in 539.87s (48.2/s whole run); 0 failures, 0 retries
runtime process; commands unknown; queued 972000, held 2000; recent 0.0/s over 1.030493335s
application 200 in 0.49ms
26,000/1,000,000 unique accepted successes in 540.92s (48.1/s whole run); 0 failures, 0 retries
runtime process; commands unknown; queued 972000, held 2000; recent 0.0/s over 1.038902707s
application 200 in 0.58ms
26,000/1,000,000 unique accepted successes in 541.97s (48.0/s whole run); 0 failures, 0 retries
runtime process; commands unknown; queued 972000, held 2000; recent 0.0/s over 1.025764527s
application 200 in 0.76ms
26,000/1,000,000 unique accepted successes in 543.03s (47.9/s whole run); 0 failures, 0 retries
runtime process; commands unknown; queued 972000, held 2000; recent 0.0/s over 1.024360368s
application 200 in 0.52ms
26,000/1,000,000 unique accepted successes in 544.09s (47.8/s whole run); 0 failures, 0 retries
runtime process; commands unknown; queued 972000, held 2000; recent 0.0/s over 1.03572858s
application 200 in 0.54ms
26,000/1,000,000 unique accepted successes in 545.15s (47.7/s whole run); 0 failures, 0 retries
runtime process; commands unknown; queued 972000, held 2000; recent 0.0/s over 1.039590253s
application 200 in 0.53ms
26,000/1,000,000 unique accepted successes in 546.22s (47.6/s whole run); 0 failures, 0 retries
runtime process; commands unknown; queued 972000, held 2000; recent 0.0/s over 1.026981958s
application 200 in 0.73ms
26,000/1,000,000 unique accepted successes in 547.28s (47.5/s whole run); 0 failures, 0 retries
runtime process; commands unknown; queued 972000, held 2000; recent 0.0/s over 1.031483102s
application 200 in 0.66ms
26,000/1,000,000 unique accepted successes in 548.33s (47.4/s whole run); 0 failures, 0 retries
runtime process; commands unknown; queued 972000, held 2000; recent 0.0/s over 1.031492339s
application 200 in 0.61ms
26,000/1,000,000 unique accepted successes in 549.39s (47.3/s whole run); 0 failures, 0 retries
runtime process; commands unknown; queued 972000, held 2000; recent 0.0/s over 1.034245496s
application 200 in 0.78ms
26,000/1,000,000 unique accepted successes in 550.46s (47.2/s whole run); 0 failures, 0 retries
runtime process; commands unknown; queued 972000, held 2000; recent 0.0/s over 1.032077325s
application 200 in 0.66ms
26,000/1,000,000 unique accepted successes in 551.51s (47.1/s whole run); 0 failures, 0 retries
runtime process; commands unknown; queued 972000, held 2000; recent 0.0/s over 1.020720301s
application 200 in 0.49ms
26,000/1,000,000 unique accepted successes in 552.57s (47.1/s whole run); 0 failures, 0 retries
runtime process; commands unknown; queued 972000, held 2000; recent 0.0/s over 1.035371229s
application 200 in 0.57ms
26,000/1,000,000 unique accepted successes in 553.61s (47.0/s whole run); 0 failures, 0 retries
runtime process; commands unknown; queued 972000, held 2000; recent 0.0/s over 1.029399289s
application 200 in 0.70ms
26,000/1,000,000 unique accepted successes in 554.66s (46.9/s whole run); 0 failures, 0 retries
runtime process; commands unknown; queued 972000, held 2000; recent 0.0/s over 1.024779372s
application 200 in 0.48ms
27,000/1,000,000 unique accepted successes in 555.72s (48.6/s whole run); 0 failures, 0 retries
runtime process; commands unknown; queued 971000, held 2000; recent 0.0/s over 1.034219217s
application 200 in 0.72ms
27,000/1,000,000 unique accepted successes in 556.77s (48.5/s whole run); 0 failures, 0 retries
runtime process; commands unknown; queued 971000, held 2000; recent 975.5616728041854/s over 1.02505052s
application 200 in 0.49ms
27,000/1,000,000 unique accepted successes in 557.82s (48.4/s whole run); 0 failures, 0 retries
runtime process; commands unknown; queued 971000, held 2000; recent 0.0/s over 1.050931333s
application 200 in 0.55ms
27,000/1,000,000 unique accepted successes in 558.87s (48.3/s whole run); 0 failures, 0 retries
runtime process; commands unknown; queued 971000, held 2000; recent 0.0/s over 1.030740086s
application 200 in 0.50ms
27,000/1,000,000 unique accepted successes in 559.93s (48.2/s whole run); 0 failures, 0 retries
runtime process; commands unknown; queued 971000, held 2000; recent 0.0/s over 1.037563266s
application 200 in 0.53ms
27,000/1,000,000 unique accepted successes in 560.99s (48.1/s whole run); 0 failures, 0 retries
runtime process; commands unknown; queued 971000, held 2000; recent 0.0/s over 1.028589279s
application 200 in 0.56ms
28,000/1,000,000 unique accepted successes in 562.05s (49.8/s whole run); 0 failures, 0 retries
runtime process; commands unknown; queued 970000, held 2000; recent 0.0/s over 1.025551512s
application 200 in 0.60ms
28,000/1,000,000 unique accepted successes in 563.11s (49.7/s whole run); 0 failures, 0 retries
runtime process; commands unknown; queued 970000, held 2000; recent 966.4624062867916/s over 1.034701395s
application 200 in 0.62ms
28,000/1,000,000 unique accepted successes in 564.16s (49.6/s whole run); 0 failures, 0 retries
runtime process; commands unknown; queued 970000, held 2000; recent 0.0/s over 1.003840637s
application 200 in 0.55ms
28,000/1,000,000 unique accepted successes in 565.22s (49.5/s whole run); 0 failures, 0 retries
runtime process; commands unknown; queued 970000, held 2000; recent 0.0/s over 1.061045899s
application 200 in 0.76ms
28,000/1,000,000 unique accepted successes in 566.28s (49.4/s whole run); 0 failures, 0 retries
runtime process; commands unknown; queued 970000, held 2000; recent 0.0/s over 1.036120121s
application 200 in 0.83ms
28,000/1,000,000 unique accepted successes in 567.33s (49.4/s whole run); 0 failures, 0 retries
runtime process; commands unknown; queued 970000, held 2000; recent 0.0/s over 1.029082499s
application 200 in 0.51ms
28,000/1,000,000 unique accepted successes in 568.40s (49.3/s whole run); 0 failures, 0 retries
runtime process; commands unknown; queued 970000, held 2000; recent 0.0/s over 1.039716864s
application 200 in 0.64ms
28,000/1,000,000 unique accepted successes in 569.45s (49.2/s whole run); 0 failures, 0 retries
runtime process; commands unknown; queued 970000, held 2000; recent 0.0/s over 1.028662762s
application 200 in 2.12ms
28,000/1,000,000 unique accepted successes in 570.51s (49.1/s whole run); 0 failures, 0 retries
runtime process; commands unknown; queued 970000, held 2000; recent 0.0/s over 1.02670397s
application 200 in 0.56ms
28,000/1,000,000 unique accepted successes in 571.56s (49.0/s whole run); 0 failures, 0 retries
runtime process; commands unknown; queued 970000, held 2000; recent 0.0/s over 1.027419845s
application 200 in 0.61ms
28,000/1,000,000 unique accepted successes in 572.64s (48.9/s whole run); 0 failures, 0 retries
runtime process; commands unknown; queued 970000, held 2000; recent 0.0/s over 1.024717001s
application 200 in 0.79ms
28,000/1,000,000 unique accepted successes in 573.71s (48.8/s whole run); 0 failures, 0 retries
runtime process; commands unknown; queued 970000, held 2000; recent 0.0/s over 1.028014082s
application 200 in 0.58ms
28,000/1,000,000 unique accepted successes in 574.76s (48.7/s whole run); 0 failures, 0 retries
runtime process; commands unknown; queued 970000, held 2000; recent 0.0/s over 1.027130308s
application 200 in 0.65ms
28,000/1,000,000 unique accepted successes in 575.81s (48.6/s whole run); 0 failures, 0 retries
runtime process; commands unknown; queued 970000, held 2000; recent 0.0/s over 1.028698488s
application 200 in 0.50ms
28,000/1,000,000 unique accepted successes in 576.87s (48.5/s whole run); 0 failures, 0 retries
runtime process; commands unknown; queued 970000, held 2000; recent 0.0/s over 1.030456337s
application 200 in 0.50ms
28,000/1,000,000 unique accepted successes in 577.93s (48.4/s whole run); 0 failures, 0 retries
runtime process; commands unknown; queued 970000, held 2000; recent 0.0/s over 1.050305885s
application 200 in 0.51ms
28,000/1,000,000 unique accepted successes in 578.98s (48.4/s whole run); 0 failures, 0 retries
runtime process; commands unknown; queued 970000, held 2000; recent 0.0/s over 1.038191852s
application 200 in 0.58ms
28,000/1,000,000 unique accepted successes in 580.02s (48.3/s whole run); 0 failures, 0 retries
runtime process; commands unknown; queued 970000, held 2000; recent 0.0/s over 1.019071711s
application 200 in 0.50ms
28,000/1,000,000 unique accepted successes in 581.09s (48.2/s whole run); 0 failures, 0 retries
runtime process; commands unknown; queued 970000, held 2000; recent 0.0/s over 1.03081359s
application 200 in 0.97ms
28,000/1,000,000 unique accepted successes in 582.15s (48.1/s whole run); 0 failures, 0 retries
runtime process; commands unknown; queued 970000, held 2000; recent 0.0/s over 1.024761068s
application 200 in 0.57ms
28,000/1,000,000 unique accepted successes in 583.21s (48.0/s whole run); 0 failures, 0 retries
runtime process; commands unknown; queued 970000, held 2000; recent 0.0/s over 1.033950451s
application 200 in 0.53ms
28,000/1,000,000 unique accepted successes in 584.28s (47.9/s whole run); 0 failures, 0 retries
runtime process; commands unknown; queued 970000, held 2000; recent 0.0/s over 1.029184698s
application 200 in 0.88ms
28,000/1,000,000 unique accepted successes in 585.33s (47.8/s whole run); 0 failures, 0 retries
runtime process; commands unknown; queued 970000, held 2000; recent 0.0/s over 1.032538115s
application 200 in 0.49ms
28,000/1,000,000 unique accepted successes in 586.38s (47.8/s whole run); 0 failures, 0 retries
runtime process; commands unknown; queued 970000, held 2000; recent 0.0/s over 1.028316955s
application 200 in 0.50ms
28,000/1,000,000 unique accepted successes in 587.44s (47.7/s whole run); 0 failures, 0 retries
runtime process; commands unknown; queued 970000, held 2000; recent 0.0/s over 1.034836587s
application 200 in 0.54ms
28,000/1,000,000 unique accepted successes in 588.51s (47.6/s whole run); 0 failures, 0 retries
runtime process; commands unknown; queued 970000, held 2000; recent 0.0/s over 1.06056464s
application 200 in 0.58ms
28,000/1,000,000 unique accepted successes in 589.56s (47.5/s whole run); 0 failures, 0 retries
runtime process; commands unknown; queued 970000, held 2000; recent 0.0/s over 1.039375801s
application 200 in 0.59ms
28,000/1,000,000 unique accepted successes in 590.61s (47.4/s whole run); 0 failures, 0 retries
runtime process; commands unknown; queued 970000, held 2000; recent 0.0/s over 1.032800356s
application 200 in 0.67ms
28,000/1,000,000 unique accepted successes in 591.66s (47.3/s whole run); 0 failures, 0 retries
runtime process; commands unknown; queued 970000, held 2000; recent 0.0/s over 1.027421554s
application 200 in 0.51ms
28,000/1,000,000 unique accepted successes in 592.71s (47.2/s whole run); 0 failures, 0 retries
runtime process; commands unknown; queued 970000, held 2000; recent 0.0/s over 1.028111762s
application 200 in 0.53ms
29,000/1,000,000 unique accepted successes in 593.76s (48.8/s whole run); 0 failures, 0 retries
runtime process; commands unknown; queued 969000, held 2000; recent 0.0/s over 1.024994036s
application 200 in 0.60ms
29,000/1,000,000 unique accepted successes in 594.81s (48.8/s whole run); 0 failures, 0 retries
runtime process; commands unknown; queued 969000, held 2000; recent 971.4082863697172/s over 1.029433261s
application 200 in 0.50ms
29,000/1,000,000 unique accepted successes in 595.88s (48.7/s whole run); 0 failures, 0 retries
runtime process; commands unknown; queued 969000, held 2000; recent 0.0/s over 1.032449839s
application 200 in 0.55ms
29,000/1,000,000 unique accepted successes in 596.94s (48.6/s whole run); 0 failures, 0 retries
runtime process; commands unknown; queued 969000, held 2000; recent 0.0/s over 1.028075635s
application 200 in 0.59ms
29,000/1,000,000 unique accepted successes in 598.00s (48.5/s whole run); 0 failures, 0 retries
runtime process; commands unknown; queued 969000, held 2000; recent 0.0/s over 1.039076502s
application 200 in 0.49ms
29,000/1,000,000 unique accepted successes in 599.06s (48.4/s whole run); 0 failures, 0 retries
runtime process; commands unknown; queued 969000, held 2000; recent 0.0/s over 1.033728326s
application 200 in 0.53ms
29,000/1,000,000 unique accepted successes in 600.11s (48.3/s whole run); 0 failures, 0 retries
runtime process; commands unknown; queued 969000, held 2000; recent 0.0/s over 1.027164215s
application 200 in 0.61ms
30,000/1,000,000 unique accepted successes in 601.16s (49.9/s whole run); 0 failures, 0 retries
runtime process; commands unknown; queued 968000, held 2000; recent 968.3582520913926/s over 1.032675663s
application 200 in 0.56ms
30,000/1,000,000 unique accepted successes in 602.23s (49.8/s whole run); 0 failures, 0 retries
runtime process; commands unknown; queued 968000, held 2000; recent 0.0/s over 1.029454229s
application 200 in 0.60ms
30,000/1,000,000 unique accepted successes in 603.29s (49.7/s whole run); 0 failures, 0 retries
runtime process; commands unknown; queued 968000, held 2000; recent 0.0/s over 1.031345622s
application 200 in 0.63ms
30,000/1,000,000 unique accepted successes in 604.35s (49.6/s whole run); 0 failures, 0 retries
runtime process; commands unknown; queued 968000, held 2000; recent 0.0/s over 1.035468841s
application 200 in 0.58ms
30,000/1,000,000 unique accepted successes in 605.40s (49.6/s whole run); 0 failures, 0 retries
runtime process; commands unknown; queued 968000, held 2000; recent 0.0/s over 1.028755187s
application 200 in 0.55ms
30,000/1,000,000 unique accepted successes in 606.46s (49.5/s whole run); 0 failures, 0 retries
runtime process; commands unknown; queued 968000, held 2000; recent 0.0/s over 1.036064329s
application 200 in 0.55ms
30,000/1,000,000 unique accepted successes in 607.52s (49.4/s whole run); 0 failures, 0 retries
runtime process; commands unknown; queued 968000, held 2000; recent 0.0/s over 1.01783203s
application 200 in 0.61ms
30,000/1,000,000 unique accepted successes in 608.57s (49.3/s whole run); 0 failures, 0 retries
runtime process; commands unknown; queued 968000, held 2000; recent 0.0/s over 1.044997684s
application 200 in 0.51ms
30,000/1,000,000 unique accepted successes in 609.62s (49.2/s whole run); 0 failures, 0 retries
runtime process; commands unknown; queued 968000, held 2000; recent 0.0/s over 1.037882023s
application 200 in 0.68ms
30,000/1,000,000 unique accepted successes in 610.68s (49.1/s whole run); 0 failures, 0 retries
runtime process; commands unknown; queued 968000, held 2000; recent 0.0/s over 1.02871054s
application 200 in 0.64ms
30,000/1,000,000 unique accepted successes in 611.72s (49.0/s whole run); 0 failures, 0 retries
runtime process; commands unknown; queued 968000, held 2000; recent 0.0/s over 1.039335358s
application 200 in 0.47ms
30,000/1,000,000 unique accepted successes in 612.77s (49.0/s whole run); 0 failures, 0 retries
runtime process; commands unknown; queued 968000, held 2000; recent 0.0/s over 1.025426261s
application 200 in 0.88ms
30,000/1,000,000 unique accepted successes in 613.83s (48.9/s whole run); 0 failures, 0 retries
runtime process; commands unknown; queued 968000, held 2000; recent 0.0/s over 1.030267241s
application 200 in 0.70ms
30,000/1,000,000 unique accepted successes in 614.88s (48.8/s whole run); 0 failures, 0 retries
runtime process; commands unknown; queued 968000, held 2000; recent 0.0/s over 1.024088011s
application 200 in 0.49ms
30,000/1,000,000 unique accepted successes in 615.93s (48.7/s whole run); 0 failures, 0 retries
runtime process; commands unknown; queued 968000, held 2000; recent 0.0/s over 1.025384396s
application 200 in 0.50ms
30,000/1,000,000 unique accepted successes in 616.99s (48.6/s whole run); 0 failures, 0 retries
runtime process; commands unknown; queued 968000, held 2000; recent 0.0/s over 1.031648731s
application 200 in 0.66ms
30,000/1,000,000 unique accepted successes in 618.04s (48.5/s whole run); 0 failures, 0 retries
runtime process; commands unknown; queued 968000, held 2000; recent 0.0/s over 1.036184665s
application 200 in 0.55ms
30,000/1,000,000 unique accepted successes in 619.10s (48.5/s whole run); 0 failures, 0 retries
runtime process; commands unknown; queued 968000, held 2000; recent 0.0/s over 1.048189128s
application 200 in 0.51ms
30,000/1,000,000 unique accepted successes in 620.15s (48.4/s whole run); 0 failures, 0 retries
runtime process; commands unknown; queued 968000, held 2000; recent 0.0/s over 1.026030115s
application 200 in 1.08ms
30,000/1,000,000 unique accepted successes in 621.21s (48.3/s whole run); 0 failures, 0 retries
runtime process; commands unknown; queued 968000, held 2000; recent 0.0/s over 1.02968791s
application 200 in 0.66ms
30,000/1,000,000 unique accepted successes in 622.28s (48.2/s whole run); 0 failures, 0 retries
runtime process; commands unknown; queued 968000, held 2000; recent 0.0/s over 1.029845944s
application 200 in 0.56ms
30,000/1,000,000 unique accepted successes in 623.33s (48.1/s whole run); 0 failures, 0 retries
runtime process; commands unknown; queued 968000, held 2000; recent 0.0/s over 1.032732103s
application 200 in 0.54ms
30,000/1,000,000 unique accepted successes in 624.39s (48.0/s whole run); 0 failures, 0 retries
runtime process; commands unknown; queued 968000, held 2000; recent 0.0/s over 1.025700403s
application 200 in 0.68ms
30,000/1,000,000 unique accepted successes in 625.44s (48.0/s whole run); 0 failures, 0 retries
runtime process; commands unknown; queued 968000, held 2000; recent 0.0/s over 1.027998928s
application 200 in 0.48ms
30,000/1,000,000 unique accepted successes in 626.48s (47.9/s whole run); 0 failures, 0 retries
runtime process; commands unknown; queued 968000, held 2000; recent 0.0/s over 1.032892325s
application 200 in 0.50ms
30,000/1,000,000 unique accepted successes in 627.54s (47.8/s whole run); 0 failures, 0 retries
runtime process; commands unknown; queued 968000, held 2000; recent 0.0/s over 1.035248726s
application 200 in 0.55ms
30,000/1,000,000 unique accepted successes in 628.59s (47.7/s whole run); 0 failures, 0 retries
runtime process; commands unknown; queued 968000, held 2000; recent 0.0/s over 1.037948006s
application 200 in 0.66ms
30,000/1,000,000 unique accepted successes in 629.65s (47.6/s whole run); 0 failures, 0 retries
runtime process; commands unknown; queued 968000, held 2000; recent 0.0/s over 1.029889874s
application 200 in 0.49ms
30,000/1,000,000 unique accepted successes in 630.71s (47.6/s whole run); 0 failures, 0 retries
runtime process; commands unknown; queued 968000, held 2000; recent 0.0/s over 1.044987634s
application 200 in 0.56ms
30,000/1,000,000 unique accepted successes in 631.79s (47.5/s whole run); 0 failures, 0 retries
runtime process; commands unknown; queued 968000, held 2000; recent 0.0/s over 1.029739935s
application 200 in 0.49ms
31,000/1,000,000 unique accepted successes in 632.85s (49.0/s whole run); 0 failures, 0 retries
runtime process; commands unknown; queued 967000, held 2000; recent 972.30310501156/s over 1.028485865s
application 200 in 0.50ms
31,000/1,000,000 unique accepted successes in 633.91s (48.9/s whole run); 0 failures, 0 retries
runtime process; commands unknown; queued 967000, held 2000; recent 0.0/s over 1.02723692s
application 200 in 0.56ms
31,000/1,000,000 unique accepted successes in 634.96s (48.8/s whole run); 0 failures, 0 retries
runtime process; commands unknown; queued 967000, held 2000; recent 0.0/s over 1.037567274s
application 200 in 0.49ms
31,000/1,000,000 unique accepted successes in 636.01s (48.7/s whole run); 0 failures, 0 retries
runtime process; commands unknown; queued 967000, held 2000; recent 0.0/s over 1.031035582s
application 200 in 0.57ms
31,000/1,000,000 unique accepted successes in 637.07s (48.7/s whole run); 0 failures, 0 retries
runtime process; commands unknown; queued 967000, held 2000; recent 0.0/s over 1.041974694s
application 200 in 0.51ms
31,000/1,000,000 unique accepted successes in 638.12s (48.6/s whole run); 0 failures, 0 retries
runtime process; commands unknown; queued 967000, held 2000; recent 0.0/s over 1.035473254s
application 200 in 0.52ms
31,000/1,000,000 unique accepted successes in 639.18s (48.5/s whole run); 0 failures, 0 retries
runtime process; commands unknown; queued 967000, held 2000; recent 0.0/s over 1.029023648s
application 200 in 0.52ms
32,000/1,000,000 unique accepted successes in 640.23s (50.0/s whole run); 0 failures, 0 retries
runtime process; commands unknown; queued 966000, held 2000; recent 0.0/s over 1.027431113s
application 200 in 0.48ms
32,000/1,000,000 unique accepted successes in 641.29s (49.9/s whole run); 0 failures, 0 retries
runtime process; commands unknown; queued 966000, held 2000; recent 975.4229706875476/s over 1.025196279s
application 200 in 0.97ms
32,000/1,000,000 unique accepted successes in 642.35s (49.8/s whole run); 0 failures, 0 retries
runtime process; commands unknown; queued 966000, held 2000; recent 0.0/s over 1.038464343s
application 200 in 0.64ms
32,000/1,000,000 unique accepted successes in 643.43s (49.7/s whole run); 0 failures, 0 retries
runtime process; commands unknown; queued 966000, held 2000; recent 0.0/s over 1.037345566s
application 200 in 0.51ms
32,000/1,000,000 unique accepted successes in 644.48s (49.7/s whole run); 0 failures, 0 retries
runtime process; commands unknown; queued 966000, held 2000; recent 0.0/s over 1.03031816s
application 200 in 0.77ms
32,000/1,000,000 unique accepted successes in 645.56s (49.6/s whole run); 0 failures, 0 retries
runtime process; commands unknown; queued 966000, held 2000; recent 0.0/s over 1.025834041s
application 200 in 1.28ms
32,000/1,000,000 unique accepted successes in 646.62s (49.5/s whole run); 0 failures, 0 retries
runtime process; commands unknown; queued 966000, held 2000; recent 0.0/s over 1.025081395s
application 200 in 0.57ms
32,000/1,000,000 unique accepted successes in 647.69s (49.4/s whole run); 0 failures, 0 retries
runtime process; commands unknown; queued 966000, held 2000; recent 0.0/s over 1.027759509s
application 200 in 0.79ms
32,000/1,000,000 unique accepted successes in 648.74s (49.3/s whole run); 0 failures, 0 retries
runtime process; commands unknown; queued 966000, held 2000; recent 0.0/s over 1.034740729s
application 200 in 0.54ms
32,000/1,000,000 unique accepted successes in 649.80s (49.2/s whole run); 0 failures, 0 retries
runtime process; commands unknown; queued 966000, held 2000; recent 0.0/s over 1.053192076s
application 200 in 0.95ms
32,000/1,000,000 unique accepted successes in 650.86s (49.2/s whole run); 0 failures, 0 retries
runtime process; commands unknown; queued 966000, held 2000; recent 0.0/s over 1.085844551s
application 200 in 0.56ms
32,000/1,000,000 unique accepted successes in 651.91s (49.1/s whole run); 0 failures, 0 retries
runtime process; commands unknown; queued 966000, held 2000; recent 0.0/s over 1.027676635s
application 200 in 0.89ms
32,000/1,000,000 unique accepted successes in 652.96s (49.0/s whole run); 0 failures, 0 retries
runtime process; commands unknown; queued 966000, held 2000; recent 0.0/s over 1.058976299s
application 200 in 0.50ms
32,000/1,000,000 unique accepted successes in 654.02s (48.9/s whole run); 0 failures, 0 retries
runtime process; commands unknown; queued 966000, held 2000; recent 0.0/s over 1.036470788s
application 200 in 0.52ms
32,000/1,000,000 unique accepted successes in 655.09s (48.8/s whole run); 0 failures, 0 retries
runtime process; commands unknown; queued 966000, held 2000; recent 0.0/s over 1.010930099s
application 200 in 0.53ms
32,000/1,000,000 unique accepted successes in 656.15s (48.8/s whole run); 0 failures, 0 retries
runtime process; commands unknown; queued 966000, held 2000; recent 0.0/s over 1.052214243s
application 200 in 0.47ms
32,000/1,000,000 unique accepted successes in 657.21s (48.7/s whole run); 0 failures, 0 retries
runtime process; commands unknown; queued 966000, held 2000; recent 0.0/s over 1.036823296s
application 200 in 0.92ms
32,000/1,000,000 unique accepted successes in 658.27s (48.6/s whole run); 0 failures, 0 retries
runtime process; commands unknown; queued 966000, held 2000; recent 0.0/s over 1.027093977s
application 200 in 0.54ms
32,000/1,000,000 unique accepted successes in 659.32s (48.5/s whole run); 0 failures, 0 retries
runtime process; commands unknown; queued 966000, held 2000; recent 0.0/s over 1.031818329s
application 200 in 0.67ms
32,000/1,000,000 unique accepted successes in 660.39s (48.5/s whole run); 0 failures, 0 retries
runtime process; commands unknown; queued 966000, held 2000; recent 0.0/s over 1.032584831s
application 200 in 0.51ms
32,000/1,000,000 unique accepted successes in 661.44s (48.4/s whole run); 0 failures, 0 retries
runtime process; commands unknown; queued 966000, held 2000; recent 0.0/s over 1.028087588s
application 200 in 0.95ms
32,000/1,000,000 unique accepted successes in 662.51s (48.3/s whole run); 0 failures, 0 retries
runtime process; commands unknown; queued 966000, held 2000; recent 0.0/s over 1.036773499s
application 200 in 0.65ms
32,000/1,000,000 unique accepted successes in 663.57s (48.2/s whole run); 0 failures, 0 retries
runtime process; commands unknown; queued 966000, held 2000; recent 0.0/s over 1.034895878s
application 200 in 0.52ms
32,000/1,000,000 unique accepted successes in 664.62s (48.1/s whole run); 0 failures, 0 retries
runtime process; commands unknown; queued 966000, held 2000; recent 0.0/s over 1.042948154s
application 200 in 0.65ms
32,000/1,000,000 unique accepted successes in 665.68s (48.1/s whole run); 0 failures, 0 retries
runtime process; commands unknown; queued 966000, held 2000; recent 0.0/s over 1.022188714s
application 200 in 0.57ms
32,000/1,000,000 unique accepted successes in 666.74s (48.0/s whole run); 0 failures, 0 retries
runtime process; commands unknown; queued 966000, held 2000; recent 0.0/s over 1.025735008s
application 200 in 0.69ms
32,000/1,000,000 unique accepted successes in 667.82s (47.9/s whole run); 0 failures, 0 retries
runtime process; commands unknown; queued 0, held 2000; recent 0.0/s over 1.369882806s
application 200 in 1.02ms
33,579/1,000,000 unique accepted successes in 668.88s (50.2/s whole run); 0 failures, 0 retries
runtime process; commands 0; queued 0, held 0; recent 1483.2204045888975/s over 1.06457543s
application 200 in 0.93ms
Traceback (most recent call last):
  File "/Users/miko/.codex/worktrees/reusable-job-executors/reliaburger/scripts/demo/measure-jobs.py", line 287, in <module>
    raise SystemExit(main())
                     ^^^^^^
  File "/Users/miko/.codex/worktrees/reusable-job-executors/reliaburger/scripts/demo/measure-jobs.py", line 261, in main
    check_indexed_result(result, result_id, index)
  File "/Users/miko/.codex/worktrees/reusable-job-executors/reliaburger/scripts/demo/measure-jobs.py", line 120, in check_indexed_result
    raise ValueError('selected indexed outcome is unavailable, mismatched or unsuccessful')
ValueError: selected indexed outcome is unavailable, mismatched or unsuccessful
