This is LuaHBTeX, Version 1.24.0 (TeX Live 2026)  (format=lualatex 2026.3.2)  11 OCT 2026 02:20
 restricted system commands enabled.
**index.tex
(./index.tex
LaTeX2e <2025-11-01>
L3 programming layer <2026-01-19>
Lua module: luaotfload 2024-12-03 v3.29 Lua based OpenType font support
Lua module: lualibs 2023-07-13 v2.76 ConTeXt Lua standard libraries.
Lua module: lualibs-extended 2023-07-13 v2.76 ConTeXt Lua libraries -- extended collection.
luaotfload | conf : Root cache directory is "/Users/miko/Library/TinyTeX/texmf-var/luatex-cache/generic/names".
luaotfload | init : Loading fontloader "fontloader-2023-12-28.lua" from kpse-resolved path "/Users/miko/Library/TinyTeX/texmf-dist/tex/luatex/luaotfload/fontloader-2023-12-28.lua".
Lua-only attribute luaotfload@noligature = 1
luaotfload | init : Context OpenType loader version 3.134
Inserting `luaotfload.node_processor' in `pre_linebreak_filter'.
Inserting `luaotfload.node_processor' in `hpack_filter'.
Inserting `luaotfload.glyph_stream' in `glyph_stream_provider'.
Inserting `luaotfload.define_font' in `define_font'.
Lua-only attribute luaotfload_color_attribute = 2
luaotfload | conf : Root cache directory is "/Users/miko/Library/TinyTeX/texmf-var/luatex-cache/generic/names".
Inserting `luaotfload.harf.strip_prefix' in `find_opentype_file'.
Inserting `luaotfload.harf.strip_prefix' in `find_truetype_file'.
Removing  `luaotfload.glyph_stream' from `glyph_stream_provider'.
Inserting `luaotfload.harf.glyphstream' in `glyph_stream_provider'.
Inserting `luaotfload.harf.finalize_vlist' in `post_linebreak_filter'.
Inserting `luaotfload.harf.finalize_hlist' in `hpack_filter'.
Inserting `luaotfload.cleanup_files' in `wrapup_run'.
Inserting `luaotfload.harf.finalize_unicode' in `finish_pdffile'.
Inserting `luaotfload.glyphinfo' in `glyph_info'.
Lua-only attribute luaotfload.letterspace_done = 3
Inserting `luaotfload.aux.set_sscale_dimens' in `luaotfload.patch_font'.
Inserting `luaotfload.aux.set_font_index' in `luaotfload.patch_font'.
Inserting `luaotfload.aux.patch_cambria_domh' in `luaotfload.patch_font'.
Inserting `luaotfload.aux.fixup_fontdata' in `luaotfload.patch_font_unsafe'.
Inserting `luaotfload.aux.set_capheight' in `luaotfload.patch_font'.
Inserting `luaotfload.aux.set_xheight' in `luaotfload.patch_font'.
Inserting `luaotfload.rewrite_fontname' in `luaotfload.patch_font'.
Inserting `tracingstacklevels' in `input_level_string'. (/Users/miko/Library/TinyTeX/texmf-dist/tex/latex/base/book.cls
Document Class: book 2025/01/22 v1.4n Standard LaTeX document class
(/Users/miko/Library/TinyTeX/texmf-dist/tex/latex/base/bk10.clo
File: bk10.clo 2025/01/22 v1.4n Standard LaTeX file (size option)
luaotfload | db : Font names database loaded from /Users/miko/Library/TinyTeX/texmf-var/luatex-cache/generic/names/luaotfload-names.luc.gz)
\c@part=\count273
\c@chapter=\count274
\c@section=\count275
\c@subsection=\count276
\c@subsubsection=\count277
\c@paragraph=\count278
\c@subparagraph=\count279
\c@figure=\count280
\c@table=\count281
\abovecaptionskip=\skip49
\belowcaptionskip=\skip50
\bibindent=\dimen147
) (/Users/miko/Library/TinyTeX/texmf-dist/tex/latex/xcolor/xcolor.sty
Package: xcolor 2024/09/29 v3.02 LaTeX color extensions (UK)
(/Users/miko/Library/TinyTeX/texmf-dist/tex/latex/graphics-cfg/color.cfg
File: color.cfg 2016/01/02 v1.6 sample color configuration
)
Package xcolor Info: Driver file: luatex.def on input line 274.
(/Users/miko/Library/TinyTeX/texmf-dist/tex/latex/graphics-def/luatex.def
File: luatex.def 2025/09/29 v1.2f Graphics/color driver for luatex
) (/Users/miko/Library/TinyTeX/texmf-dist/tex/latex/graphics/mathcolor.ltx)
Package xcolor Info: Model `cmy' substituted by `cmy0' on input line 1349.
Package xcolor Info: Model `hsb' substituted by `rgb' on input line 1353.
Package xcolor Info: Model `RGB' extended on input line 1365.
Package xcolor Info: Model `HTML' substituted by `rgb' on input line 1367.
Package xcolor Info: Model `Hsb' substituted by `hsb' on input line 1368.
Package xcolor Info: Model `tHsb' substituted by `hsb' on input line 1369.
Package xcolor Info: Model `HSB' substituted by `hsb' on input line 1370.
Package xcolor Info: Model `Gray' substituted by `gray' on input line 1371.
Package xcolor Info: Model `wave' substituted by `hsb' on input line 1372.
) (/Users/miko/Library/TinyTeX/texmf-dist/tex/latex/graphics/dvipsnam.def
File: dvipsnam.def 2016/06/17 v3.0m Driver-dependent file (DPC,SPQR)
) (/Users/miko/Library/TinyTeX/texmf-dist/tex/latex/xcolor/svgnam.def
File: svgnam.def 2024/09/29 v3.02 Predefined colors according to SVG 1.1 (UK)
) (/Users/miko/Library/TinyTeX/texmf-dist/tex/latex/xcolor/x11nam.def
File: x11nam.def 2024/09/29 v3.02 Predefined colors according to Unix/X11 (UK)
) (/Users/miko/Library/TinyTeX/texmf-dist/tex/latex/geometry/geometry.sty
Package: geometry 2020/01/02 v5.9 Page Geometry
(/Users/miko/Library/TinyTeX/texmf-dist/tex/latex/graphics/keyval.sty
Package: keyval 2022/05/29 v1.15 key=value parser (DPC)
\KV@toks@=\toks17
) (/Users/miko/Library/TinyTeX/texmf-dist/tex/generic/iftex/ifvtex.sty
Package: ifvtex 2019/10/25 v1.7 ifvtex legacy package. Use iftex instead.
(/Users/miko/Library/TinyTeX/texmf-dist/tex/generic/iftex/iftex.sty
Package: iftex 2024/12/12 v1.0g TeX engine tests
))
\Gm@cnth=\count282
\Gm@cntv=\count283
\c@Gm@tempcnt=\count284
\Gm@bindingoffset=\dimen148
\Gm@wd@mp=\dimen149
\Gm@odd@mp=\dimen150
\Gm@even@mp=\dimen151
\Gm@layoutwidth=\dimen152
\Gm@layoutheight=\dimen153
\Gm@layouthoffset=\dimen154
\Gm@layoutvoffset=\dimen155
\Gm@dimlist=\toks18
) (/Users/miko/Library/TinyTeX/texmf-dist/tex/latex/amsmath/amsmath.sty
Package: amsmath 2025/07/09 v2.17z AMS math features
\@mathmargin=\skip51
For additional information on amsmath, use the `?' option.
(/Users/miko/Library/TinyTeX/texmf-dist/tex/latex/amsmath/amstext.sty
Package: amstext 2024/11/17 v2.01 AMS text
(/Users/miko/Library/TinyTeX/texmf-dist/tex/latex/amsmath/amsgen.sty
File: amsgen.sty 1999/11/30 v2.0 generic functions
\@emptytoks=\toks19
\ex@=\dimen156
)) (/Users/miko/Library/TinyTeX/texmf-dist/tex/latex/amsmath/amsbsy.sty
Package: amsbsy 1999/11/29 v1.2d Bold Symbols
\pmbraise@=\dimen157
) (/Users/miko/Library/TinyTeX/texmf-dist/tex/latex/amsmath/amsopn.sty
Package: amsopn 2022/04/08 v2.04 operator names
)
\inf@bad=\count285
LaTeX Info: Redefining \frac on input line 235.
\uproot@=\count286
\leftroot@=\count287
LaTeX Info: Redefining \overline on input line 398.
LaTeX Info: Redefining \colon on input line 409.
\classnum@=\count288
\DOTSCASE@=\count289
LaTeX Info: Redefining \ldots on input line 495.
LaTeX Info: Redefining \dots on input line 498.
LaTeX Info: Redefining \cdots on input line 619.
\Mathstrutbox@=\box53
\strutbox@=\box54
LaTeX Info: Redefining \big on input line 721.
LaTeX Info: Redefining \Big on input line 722.
LaTeX Info: Redefining \bigg on input line 723.
LaTeX Info: Redefining \Bigg on input line 724.
\big@size=\dimen158
LaTeX Font Info:    Redeclaring font encoding OML on input line 742.
LaTeX Font Info:    Redeclaring font encoding OMS on input line 743.
\macc@depth=\count290
LaTeX Info: Redefining \bmod on input line 904.
LaTeX Info: Redefining \pmod on input line 909.
LaTeX Info: Redefining \smash on input line 939.
LaTeX Info: Redefining \relbar on input line 969.
LaTeX Info: Redefining \Relbar on input line 970.
\c@MaxMatrixCols=\count291
\dotsspace@=\muskip17
\c@parentequation=\count292
\dspbrk@lvl=\count293
\tag@help=\toks20
\row@=\count294
\column@=\count295
\maxfields@=\count296
\andhelp@=\toks21
\eqnshift@=\dimen159
\alignsep@=\dimen160
\tagshift@=\dimen161
\tagwidth@=\dimen162
\totwidth@=\dimen163
\lineht@=\dimen164
\@envbody=\toks22
\multlinegap=\skip52
\multlinetaggap=\skip53
\mathdisplay@stack=\toks23
LaTeX Info: Redefining \[ on input line 2950.
LaTeX Info: Redefining \] on input line 2951.
) (/Users/miko/Library/TinyTeX/texmf-dist/tex/latex/amsfonts/amssymb.sty
Package: amssymb 2013/01/14 v3.01 AMS font symbols
(/Users/miko/Library/TinyTeX/texmf-dist/tex/latex/amsfonts/amsfonts.sty
Package: amsfonts 2013/01/14 v3.01 Basic AMSFonts support
\symAMSa=\mathgroup4
\symAMSb=\mathgroup5
LaTeX Font Info:    Redeclaring math symbol \hbar on input line 98.
LaTeX Font Info:    Overwriting math alphabet `\mathfrak' in version `bold'
(Font)                  U/euf/m/n --> U/euf/b/n on input line 106.
)) (/Users/miko/Library/TinyTeX/texmf-dist/tex/latex/unicode-math/unicode-math.sty (/Users/miko/Library/TinyTeX/texmf-dist/tex/latex/l3kernel/expl3.sty
Package: expl3 2026-01-19 L3 programming layer (loader) 
(/Users/miko/Library/TinyTeX/texmf-dist/tex/latex/l3backend/l3backend-luatex.def
File: l3backend-luatex.def 2025-10-09 L3 backend support: PDF output (LuaTeX)
\l__color_backend_stack_int=\count297
Inserting `l3color' in `luaotfload.parse_color'.))
Package: unicode-math 2023/08/13 v0.8r Unicode maths in XeLaTeX and LuaLaTeX
(/Users/miko/Library/TinyTeX/texmf-dist/tex/latex/unicode-math/unicode-math-luatex.sty
Package: unicode-math-luatex 2023/08/13 v0.8r Unicode maths in XeLaTeX and LuaLaTeX
(/Users/miko/Library/TinyTeX/texmf-dist/tex/latex/l3packages/xparse/xparse.sty
Package: xparse 2025-10-09 L3 Experimental document command parser
) (/Users/miko/Library/TinyTeX/texmf-dist/tex/latex/l3packages/l3keys2e/l3keys2e.sty
Package: l3keys2e 2025-10-09 LaTeX2e option processing using LaTeX3 keys
) (/Users/miko/Library/TinyTeX/texmf-dist/tex/latex/fontspec/fontspec.sty
Package: fontspec 2025/09/29 v2.9g Font selection for XeLaTeX and LuaLaTeX
Lua module: fontspec 2025/09/29 v2.9g Font selection for XeLaTeX and LuaLaTeX (/Users/miko/Library/TinyTeX/texmf-dist/tex/latex/fontspec/fontspec-luatex.sty
Package: fontspec-luatex 2025/09/29 v2.9g Font selection for XeLaTeX and LuaLaTeX
\l__fontspec_script_int=\count298
\l__fontspec_language_int=\count299
\l__fontspec_strnum_int=\count300
\l__fontspec_tmp_int=\count301
\l__fontspec_tmpa_int=\count302
\l__fontspec_tmpb_int=\count303
\l__fontspec_tmpc_int=\count304
\l__fontspec_em_int=\count305
\l__fontspec_emdef_int=\count306
\l__fontspec_strong_int=\count307
\l__fontspec_strongdef_int=\count308
\l__fontspec_tmpa_dim=\dimen165
\l__fontspec_tmpb_dim=\dimen166
\l__fontspec_tmpc_dim=\dimen167
(/Users/miko/Library/TinyTeX/texmf-dist/tex/latex/base/fontenc.sty
Package: fontenc 2025/07/18 v2.1d Standard LaTeX package
) (/Users/miko/Library/TinyTeX/texmf-dist/tex/latex/fontspec/fontspec.cfg))) (/Users/miko/Library/TinyTeX/texmf-dist/tex/latex/base/fix-cm.sty
Package: fix-cm 2020/11/24 v1.1t fixes to LaTeX
(/Users/miko/Library/TinyTeX/texmf-dist/tex/latex/base/ts1enc.def
File: ts1enc.def 2001/06/05 v3.0e (jk/car/fm) Standard LaTeX file
LaTeX Font Info:    Redeclaring font encoding TS1 on input line 47.
LaTeX Encoding Info:    Redeclaring text command \capitalcedilla (encoding TS1) on input line 49.
LaTeX Encoding Info:    Redeclaring text command \capitalogonek (encoding TS1) on input line 52.
LaTeX Encoding Info:    Redeclaring text command \capitalgrave (encoding TS1) on input line 55.
LaTeX Encoding Info:    Redeclaring text command \capitalacute (encoding TS1) on input line 56.
LaTeX Encoding Info:    Redeclaring text command \capitalcircumflex (encoding TS1) on input line 57.
LaTeX Encoding Info:    Redeclaring text command \capitaltilde (encoding TS1) on input line 58.
LaTeX Encoding Info:    Redeclaring text command \capitaldieresis (encoding TS1) on input line 59.
LaTeX Encoding Info:    Redeclaring text command \capitalhungarumlaut (encoding TS1) on input line 60.
LaTeX Encoding Info:    Redeclaring text command \capitalring (encoding TS1) on input line 61.
LaTeX Encoding Info:    Redeclaring text command \capitalcaron (encoding TS1) on input line 62.
LaTeX Encoding Info:    Redeclaring text command \capitalbreve (encoding TS1) on input line 63.
LaTeX Encoding Info:    Redeclaring text command \capitalmacron (encoding TS1) on input line 64.
LaTeX Encoding Info:    Redeclaring text command \capitaldotaccent (encoding TS1) on input line 65.
LaTeX Encoding Info:    Redeclaring text command \t (encoding TS1) on input line 66.
LaTeX Encoding Info:    Redeclaring text command \capitaltie (encoding TS1) on input line 67.
LaTeX Encoding Info:    Redeclaring text command \newtie (encoding TS1) on input line 68.
LaTeX Encoding Info:    Redeclaring text command \capitalnewtie (encoding TS1) on input line 69.
LaTeX Encoding Info:    Redeclaring text symbol \textcapitalcompwordmark (encoding TS1) on input line 70.
LaTeX Encoding Info:    Redeclaring text symbol \textascendercompwordmark (encoding TS1) on input line 71.
LaTeX Encoding Info:    Redeclaring text symbol \textquotestraightbase (encoding TS1) on input line 72.
LaTeX Encoding Info:    Redeclaring text symbol \textquotestraightdblbase (encoding TS1) on input line 73.
LaTeX Encoding Info:    Redeclaring text symbol \texttwelveudash (encoding TS1) on input line 74.
LaTeX Encoding Info:    Redeclaring text symbol \textthreequartersemdash (encoding TS1) on input line 75.
LaTeX Encoding Info:    Redeclaring text symbol \textleftarrow (encoding TS1) on input line 76.
LaTeX Encoding Info:    Redeclaring text symbol \textrightarrow (encoding TS1) on input line 77.
LaTeX Encoding Info:    Redeclaring text symbol \textblank (encoding TS1) on input line 78.
LaTeX Encoding Info:    Redeclaring text symbol \textdollar (encoding TS1) on input line 79.
LaTeX Encoding Info:    Redeclaring text symbol \textquotesingle (encoding TS1) on input line 80.
LaTeX Encoding Info:    Redeclaring text command \textasteriskcentered (encoding TS1) on input line 81.
LaTeX Encoding Info:    Redeclaring text symbol \textdblhyphen (encoding TS1) on input line 92.
LaTeX Encoding Info:    Redeclaring text symbol \textfractionsolidus (encoding TS1) on input line 93.
LaTeX Encoding Info:    Redeclaring text symbol \textzerooldstyle (encoding TS1) on input line 94.
LaTeX Encoding Info:    Redeclaring text symbol \textoneoldstyle (encoding TS1) on input line 95.
LaTeX Encoding Info:    Redeclaring text symbol \texttwooldstyle (encoding TS1) on input line 96.
LaTeX Encoding Info:    Redeclaring text symbol \textthreeoldstyle (encoding TS1) on input line 97.
LaTeX Encoding Info:    Redeclaring text symbol \textfouroldstyle (encoding TS1) on input line 98.
LaTeX Encoding Info:    Redeclaring text symbol \textfiveoldstyle (encoding TS1) on input line 99.
LaTeX Encoding Info:    Redeclaring text symbol \textsixoldstyle (encoding TS1) on input line 100.
LaTeX Encoding Info:    Redeclaring text symbol \textsevenoldstyle (encoding TS1) on input line 101.
LaTeX Encoding Info:    Redeclaring text symbol \texteightoldstyle (encoding TS1) on input line 102.
LaTeX Encoding Info:    Redeclaring text symbol \textnineoldstyle (encoding TS1) on input line 103.
LaTeX Encoding Info:    Redeclaring text symbol \textlangle (encoding TS1) on input line 104.
LaTeX Encoding Info:    Redeclaring text symbol \textminus (encoding TS1) on input line 105.
LaTeX Encoding Info:    Redeclaring text symbol \textrangle (encoding TS1) on input line 106.
LaTeX Encoding Info:    Redeclaring text symbol \textmho (encoding TS1) on input line 107.
LaTeX Encoding Info:    Redeclaring text symbol \textbigcircle (encoding TS1) on input line 108.
LaTeX Encoding Info:    Redeclaring text command \textcircled (encoding TS1) on input line 109.
LaTeX Encoding Info:    Redeclaring text symbol \textohm (encoding TS1) on input line 115.
LaTeX Encoding Info:    Redeclaring text symbol \textlbrackdbl (encoding TS1) on input line 116.
LaTeX Encoding Info:    Redeclaring text symbol \textrbrackdbl (encoding TS1) on input line 117.
LaTeX Encoding Info:    Redeclaring text symbol \textuparrow (encoding TS1) on input line 118.
LaTeX Encoding Info:    Redeclaring text symbol \textdownarrow (encoding TS1) on input line 119.
LaTeX Encoding Info:    Redeclaring text symbol \textasciigrave (encoding TS1) on input line 120.
LaTeX Encoding Info:    Redeclaring text symbol \textborn (encoding TS1) on input line 121.
LaTeX Encoding Info:    Redeclaring text symbol \textdivorced (encoding TS1) on input line 122.
LaTeX Encoding Info:    Redeclaring text symbol \textdied (encoding TS1) on input line 123.
LaTeX Encoding Info:    Redeclaring text symbol \textleaf (encoding TS1) on input line 124.
LaTeX Encoding Info:    Redeclaring text symbol \textmarried (encoding TS1) on input line 125.
LaTeX Encoding Info:    Redeclaring text symbol \textmusicalnote (encoding TS1) on input line 126.
LaTeX Encoding Info:    Redeclaring text symbol \texttildelow (encoding TS1) on input line 127.
LaTeX Encoding Info:    Redeclaring text symbol \textdblhyphenchar (encoding TS1) on input line 128.
LaTeX Encoding Info:    Redeclaring text symbol \textasciibreve (encoding TS1) on input line 129.
LaTeX Encoding Info:    Redeclaring text symbol \textasciicaron (encoding TS1) on input line 130.
LaTeX Encoding Info:    Redeclaring text symbol \textacutedbl (encoding TS1) on input line 131.
LaTeX Encoding Info:    Redeclaring text symbol \textgravedbl (encoding TS1) on input line 132.
LaTeX Encoding Info:    Redeclaring text symbol \textdagger (encoding TS1) on input line 133.
LaTeX Encoding Info:    Redeclaring text symbol \textdaggerdbl (encoding TS1) on input line 134.
LaTeX Encoding Info:    Redeclaring text symbol \textbardbl (encoding TS1) on input line 135.
LaTeX Encoding Info:    Redeclaring text symbol \textperthousand (encoding TS1) on input line 136.
LaTeX Encoding Info:    Redeclaring text symbol \textbullet (encoding TS1) on input line 137.
LaTeX Encoding Info:    Redeclaring text symbol \textcelsius (encoding TS1) on input line 138.
LaTeX Encoding Info:    Redeclaring text symbol \textdollaroldstyle (encoding TS1) on input line 139.
LaTeX Encoding Info:    Redeclaring text symbol \textcentoldstyle (encoding TS1) on input line 140.
LaTeX Encoding Info:    Redeclaring text symbol \textflorin (encoding TS1) on input line 141.
LaTeX Encoding Info:    Redeclaring text symbol \textcolonmonetary (encoding TS1) on input line 142.
LaTeX Encoding Info:    Redeclaring text symbol \textwon (encoding TS1) on input line 143.
LaTeX Encoding Info:    Redeclaring text symbol \textnaira (encoding TS1) on input line 144.
LaTeX Encoding Info:    Redeclaring text symbol \textguarani (encoding TS1) on input line 145.
LaTeX Encoding Info:    Redeclaring text symbol \textpeso (encoding TS1) on input line 146.
LaTeX Encoding Info:    Redeclaring text symbol \textlira (encoding TS1) on input line 147.
LaTeX Encoding Info:    Redeclaring text symbol \textrecipe (encoding TS1) on input line 148.
LaTeX Encoding Info:    Redeclaring text symbol \textinterrobang (encoding TS1) on input line 149.
LaTeX Encoding Info:    Redeclaring text symbol \textinterrobangdown (encoding TS1) on input line 150.
LaTeX Encoding Info:    Redeclaring text symbol \textdong (encoding TS1) on input line 151.
LaTeX Encoding Info:    Redeclaring text symbol \texttrademark (encoding TS1) on input line 152.
LaTeX Encoding Info:    Redeclaring text symbol \textpertenthousand (encoding TS1) on input line 153.
LaTeX Encoding Info:    Redeclaring text symbol \textpilcrow (encoding TS1) on input line 154.
LaTeX Encoding Info:    Redeclaring text symbol \textbaht (encoding TS1) on input line 155.
LaTeX Encoding Info:    Redeclaring text symbol \textnumero (encoding TS1) on input line 156.
LaTeX Encoding Info:    Redeclaring text symbol \textdiscount (encoding TS1) on input line 157.
LaTeX Encoding Info:    Redeclaring text symbol \textestimated (encoding TS1) on input line 158.
LaTeX Encoding Info:    Redeclaring text symbol \textopenbullet (encoding TS1) on input line 159.
LaTeX Encoding Info:    Redeclaring text symbol \textservicemark (encoding TS1) on input line 160.
LaTeX Encoding Info:    Redeclaring text symbol \textlquill (encoding TS1) on input line 161.
LaTeX Encoding Info:    Redeclaring text symbol \textrquill (encoding TS1) on input line 162.
LaTeX Encoding Info:    Redeclaring text symbol \textcent (encoding TS1) on input line 163.
LaTeX Encoding Info:    Redeclaring text symbol \textsterling (encoding TS1) on input line 164.
LaTeX Encoding Info:    Redeclaring text symbol \textcurrency (encoding TS1) on input line 165.
LaTeX Encoding Info:    Redeclaring text symbol \textyen (encoding TS1) on input line 166.
LaTeX Encoding Info:    Redeclaring text symbol \textbrokenbar (encoding TS1) on input line 167.
LaTeX Encoding Info:    Redeclaring text symbol \textsection (encoding TS1) on input line 168.
LaTeX Encoding Info:    Redeclaring text symbol \textasciidieresis (encoding TS1) on input line 169.
LaTeX Encoding Info:    Redeclaring text symbol \textcopyright (encoding TS1) on input line 170.
LaTeX Encoding Info:    Redeclaring text symbol \textordfeminine (encoding TS1) on input line 171.
LaTeX Encoding Info:    Redeclaring text symbol \textcopyleft (encoding TS1) on input line 172.
LaTeX Encoding Info:    Redeclaring text symbol \textlnot (encoding TS1) on input line 173.
LaTeX Encoding Info:    Redeclaring text symbol \textcircledP (encoding TS1) on input line 174.
LaTeX Encoding Info:    Redeclaring text symbol \textregistered (encoding TS1) on input line 175.
LaTeX Encoding Info:    Redeclaring text symbol \textasciimacron (encoding TS1) on input line 176.
LaTeX Encoding Info:    Redeclaring text symbol \textdegree (encoding TS1) on input line 177.
LaTeX Encoding Info:    Redeclaring text symbol \textpm (encoding TS1) on input line 178.
LaTeX Encoding Info:    Redeclaring text symbol \texttwosuperior (encoding TS1) on input line 179.
LaTeX Encoding Info:    Redeclaring text symbol \textthreesuperior (encoding TS1) on input line 180.
LaTeX Encoding Info:    Redeclaring text symbol \textasciiacute (encoding TS1) on input line 181.
LaTeX Encoding Info:    Redeclaring text symbol \textmu (encoding TS1) on input line 182.
LaTeX Encoding Info:    Redeclaring text symbol \textparagraph (encoding TS1) on input line 183.
LaTeX Encoding Info:    Redeclaring text symbol \textperiodcentered (encoding TS1) on input line 184.
LaTeX Encoding Info:    Redeclaring text symbol \textreferencemark (encoding TS1) on input line 185.
LaTeX Encoding Info:    Redeclaring text symbol \textonesuperior (encoding TS1) on input line 186.
LaTeX Encoding Info:    Redeclaring text symbol \textordmasculine (encoding TS1) on input line 187.
LaTeX Encoding Info:    Redeclaring text symbol \textsurd (encoding TS1) on input line 188.
LaTeX Encoding Info:    Redeclaring text symbol \textonequarter (encoding TS1) on input line 189.
LaTeX Encoding Info:    Redeclaring text symbol \textonehalf (encoding TS1) on input line 190.
LaTeX Encoding Info:    Redeclaring text symbol \textthreequarters (encoding TS1) on input line 191.
LaTeX Encoding Info:    Redeclaring text symbol \texteuro (encoding TS1) on input line 192.
LaTeX Encoding Info:    Redeclaring text symbol \texttimes (encoding TS1) on input line 193.
LaTeX Encoding Info:    Redeclaring text symbol \textdiv (encoding TS1) on input line 194.
)) (/Users/miko/Library/TinyTeX/texmf-dist/tex/lualatex/lualatex-math/lualatex-math.sty
Package: lualatex-math 2022/01/01 v1.12 Patches for mathematics typesetting with LuaLaTeX
(/Users/miko/Library/TinyTeX/texmf-dist/tex/latex/etoolbox/etoolbox.sty
Package: etoolbox 2025/10/02 v2.5m e-TeX tools for LaTeX (JAW)
\etb@tempcnta=\count309
)
Lua module: lualatex-math 2013/08/03 v1.3 Patches for mathematics typesetting with LuaLaTeX)
\g__um_fam_int=\count310
\g__um_fonts_used_int=\count311
\l__um_primecount_int=\count312
\g__um_primekern_muskip=\muskip18
(/Users/miko/Library/TinyTeX/texmf-dist/tex/latex/unicode-math/unicode-math-table.tex))) (/Users/miko/Library/TinyTeX/texmf-dist/tex/latex/lm/lmodern.sty
Package: lmodern 2015/05/01 v1.6.1 Latin Modern Fonts
LaTeX Font Info:    Overwriting symbol font `operators' in version `normal'
(Font)                  OT1/cmr/m/n --> OT1/lmr/m/n on input line 22.
LaTeX Font Info:    Overwriting symbol font `letters' in version `normal'
(Font)                  OML/cmm/m/it --> OML/lmm/m/it on input line 23.
LaTeX Font Info:    Overwriting symbol font `symbols' in version `normal'
(Font)                  OMS/cmsy/m/n --> OMS/lmsy/m/n on input line 24.
LaTeX Font Info:    Overwriting symbol font `largesymbols' in version `normal'
(Font)                  OMX/cmex/m/n --> OMX/lmex/m/n on input line 25.
LaTeX Font Info:    Overwriting symbol font `operators' in version `bold'
(Font)                  OT1/cmr/bx/n --> OT1/lmr/bx/n on input line 26.
LaTeX Font Info:    Overwriting symbol font `letters' in version `bold'
(Font)                  OML/cmm/b/it --> OML/lmm/b/it on input line 27.
LaTeX Font Info:    Overwriting symbol font `symbols' in version `bold'
(Font)                  OMS/cmsy/b/n --> OMS/lmsy/b/n on input line 28.
LaTeX Font Info:    Overwriting symbol font `largesymbols' in version `bold'
(Font)                  OMX/cmex/m/n --> OMX/lmex/m/n on input line 29.
LaTeX Font Info:    Overwriting math alphabet `\mathbf' in version `normal'
(Font)                  OT1/cmr/bx/n --> OT1/lmr/bx/n on input line 31.
LaTeX Font Info:    Overwriting math alphabet `\mathsf' in version `normal'
(Font)                  OT1/cmss/m/n --> OT1/lmss/m/n on input line 32.
LaTeX Font Info:    Overwriting math alphabet `\mathit' in version `normal'
(Font)                  OT1/cmr/m/it --> OT1/lmr/m/it on input line 33.
LaTeX Font Info:    Overwriting math alphabet `\mathtt' in version `normal'
(Font)                  OT1/cmtt/m/n --> OT1/lmtt/m/n on input line 34.
LaTeX Font Info:    Overwriting math alphabet `\mathbf' in version `bold'
(Font)                  OT1/cmr/bx/n --> OT1/lmr/bx/n on input line 35.
LaTeX Font Info:    Overwriting math alphabet `\mathsf' in version `bold'
(Font)                  OT1/cmss/bx/n --> OT1/lmss/bx/n on input line 36.
LaTeX Font Info:    Overwriting math alphabet `\mathit' in version `bold'
(Font)                  OT1/cmr/bx/it --> OT1/lmr/bx/it on input line 37.
LaTeX Font Info:    Overwriting math alphabet `\mathtt' in version `bold'
(Font)                  OT1/cmtt/m/n --> OT1/lmtt/m/n on input line 38.
) (/Users/miko/Library/TinyTeX/texmf-dist/tex/latex/upquote/upquote.sty
Package: upquote 2012/04/19 v1.3 upright-quote and grave-accent glyphs in verbatim
(/Users/miko/Library/TinyTeX/texmf-dist/tex/latex/base/textcomp.sty
Package: textcomp 2024/04/24 v2.1b Standard LaTeX package
)) (/Users/miko/Library/TinyTeX/texmf-dist/tex/latex/microtype/microtype.sty
Package: microtype 2026/03/01 v3.2d Micro-typographical refinements (RS)
\MT@toks=\toks24
\MT@tempbox=\box55
\MT@count=\count313
LaTeX Info: Redefining \noprotrusionifhmode on input line 1084.
LaTeX Info: Redefining \leftprotrusion on input line 1085.
\MT@prot@toks=\toks25
LaTeX Info: Redefining \rightprotrusion on input line 1104.
LaTeX Info: Redefining \textls on input line 1449.
\MT@outer@kern=\dimen168
LaTeX Info: Redefining \microtypecontext on input line 2053.
LaTeX Info: Redefining \textmicrotypecontext on input line 2070.
\MT@listname@count=\count314
(/Users/miko/Library/TinyTeX/texmf-dist/tex/latex/microtype/microtype-luatex.def
File: microtype-luatex.def 2026/03/01 v3.2d Definitions specific to luatex (RS)
Lua module: microtype 2026/03/01 v3.2d microtype module.
Module microtype Info: overwriting function `keepligature' on input line 63
LaTeX Info: Redefining \lsstyle on input line 779.
LaTeX Info: Redefining \lslig on input line 779.
\MT@outer@space=\skip54
)
Package microtype Info: Loading configuration file microtype.cfg.
(/Users/miko/Library/TinyTeX/texmf-dist/tex/latex/microtype/microtype.cfg
File: microtype.cfg 2026/03/01 v3.2d microtype main configuration file (RS)
)
LaTeX Info: Redefining \microtypesetup on input line 3065.
) (/Users/miko/Library/TinyTeX/texmf-dist/tex/latex/parskip/parskip.sty
Package: parskip 2021-03-14 v2.0h non-zero parskip adjustments
(/Users/miko/Library/TinyTeX/texmf-dist/tex/latex/kvoptions/kvoptions.sty
Package: kvoptions 2022-06-15 v3.15 Key value format for package options (HO)
(/Users/miko/Library/TinyTeX/texmf-dist/tex/generic/ltxcmds/ltxcmds.sty
Package: ltxcmds 2023-12-04 v1.26 LaTeX kernel commands for general use (HO)
) (/Users/miko/Library/TinyTeX/texmf-dist/tex/latex/kvsetkeys/kvsetkeys.sty
Package: kvsetkeys 2022-10-05 v1.19 Key value parser (HO)
))) (/Users/miko/Library/TinyTeX/texmf-dist/tex/latex/fancyvrb/fancyvrb.sty
Package: fancyvrb 2025/07/28 4.6 verbatim text (tvz,hv)
\FV@CodeLineNo=\count315
\FV@InFile=\read2
\FV@TabBox=\box56
\c@FancyVerbLine=\count316
\FV@StepNumber=\count317
\FV@OutFile=\write3
) (/Users/miko/Library/TinyTeX/texmf-dist/tex/latex/framed/framed.sty
Package: framed 2011/10/22 v 0.96: framed or shaded text with page breaks
\OuterFrameSep=\skip55
\fb@frw=\dimen169
\fb@frh=\dimen170
\FrameRule=\dimen171
\FrameSep=\dimen172
) (/Users/miko/Library/TinyTeX/texmf-dist/tex/latex/tools/longtable.sty
Package: longtable 2025-10-13 v4.24 Multi-page Table package (DPC)
\LTleft=\skip56
\LTright=\skip57
\LTpre=\skip58
\LTpost=\skip59
\LTchunksize=\count318
\LTcapwidth=\dimen173
\LT@head=\box57
\LT@firsthead=\box58
\LT@foot=\box59
\LT@lastfoot=\box60
\LT@gbox=\box61
\LT@cols=\count319
\LT@rows=\count320
\c@LT@tables=\count321
\c@LT@chunks=\count322
\LT@p@ftn=\toks26
) (/Users/miko/Library/TinyTeX/texmf-dist/tex/latex/booktabs/booktabs.sty
Package: booktabs 2020/01/12 v1.61803398 Publication quality tables
\heavyrulewidth=\dimen174
\lightrulewidth=\dimen175
\cmidrulewidth=\dimen176
\belowrulesep=\dimen177
\belowbottomsep=\dimen178
\aboverulesep=\dimen179
\abovetopsep=\dimen180
\cmidrulesep=\dimen181
\cmidrulekern=\dimen182
\defaultaddspace=\dimen183
\@cmidla=\count323
\@cmidlb=\count324
\@aboverulesep=\dimen184
\@belowrulesep=\dimen185
\@thisruleclass=\count325
\@lastruleclass=\count326
\@thisrulewidth=\dimen186
) (/Users/miko/Library/TinyTeX/texmf-dist/tex/latex/tools/array.sty
Package: array 2025/09/25 v2.6n Tabular extension package (FMi)
\col@sep=\dimen187
\ar@mcellbox=\box62
\extrarowheight=\dimen188
\NC@list=\toks27
\extratabsurround=\skip60
\backup@length=\skip61
\ar@cellbox=\box63
) (/Users/miko/Library/TinyTeX/texmf-dist/tex/latex/tools/calc.sty
Package: calc 2025/03/01 v4.3b Infix arithmetic (KKT,FJ)
\calc@Acount=\count327
\calc@Bcount=\count328
\calc@Adimen=\dimen189
\calc@Bdimen=\dimen190
\calc@Askip=\skip62
\calc@Bskip=\skip63
LaTeX Info: Redefining \setlength on input line 86.
LaTeX Info: Redefining \addtolength on input line 87.
\calc@Ccount=\count329
\calc@Cskip=\skip64
) (/Users/miko/Library/TinyTeX/texmf-dist/tex/latex/mdwtools/footnote.sty
Package: footnote 1997/01/28 1.13 Save footnotes around boxes
\fn@notes=\box64
\fn@width=\dimen191
) (/Users/miko/Library/TinyTeX/texmf-dist/tex/latex/graphics/graphicx.sty
Package: graphicx 2024/12/31 v1.2e Enhanced LaTeX Graphics (DPC,SPQR)
(/Users/miko/Library/TinyTeX/texmf-dist/tex/latex/graphics/graphics.sty
Package: graphics 2024/08/06 v1.4g Standard LaTeX Graphics (DPC,SPQR)
(/Users/miko/Library/TinyTeX/texmf-dist/tex/latex/graphics/trig.sty
Package: trig 2023/12/02 v1.11 sin cos tan (DPC)
) (/Users/miko/Library/TinyTeX/texmf-dist/tex/latex/graphics-cfg/graphics.cfg
File: graphics.cfg 2016/06/04 v1.11 sample graphics configuration
)
Package graphics Info: Driver file: luatex.def on input line 106.
)
\Gin@req@height=\dimen192
\Gin@req@width=\dimen193
)
\pandoc@box=\box65
(/Users/miko/Library/TinyTeX/texmf-dist/tex/latex/url/url.sty
\Urlmuskip=\muskip19
Package: url 2013/09/16  ver 3.4  Verb mode for urls, etc.
) (/Users/miko/Library/TinyTeX/texmf-dist/tex/latex/fancyhdr/fancyhdr.sty
Package: fancyhdr 2025/02/07 v5.2 Extensive control of page headers and footers
\f@nch@headwidth=\skip65
\f@nch@offset@elh=\skip66
\f@nch@offset@erh=\skip67
\f@nch@offset@olh=\skip68
\f@nch@offset@orh=\skip69
\f@nch@offset@elf=\skip70
\f@nch@offset@erf=\skip71
\f@nch@offset@olf=\skip72
\f@nch@offset@orf=\skip73
\f@nch@height=\skip74
\f@nch@footalignment=\skip75
\f@nch@widthL=\skip76
\f@nch@widthC=\skip77
\f@nch@widthR=\skip78
\@temptokenb=\toks28
) (/Users/miko/Library/TinyTeX/texmf-dist/tex/latex/bookmark/bookmark.sty
Package: bookmark 2023-12-10 v1.31 PDF bookmarks (HO)
(/Users/miko/Library/TinyTeX/texmf-dist/tex/latex/hyperref/hyperref.sty
Package: hyperref 2026-01-29 v7.01p Hypertext links for LaTeX
(/Users/miko/Library/TinyTeX/texmf-dist/tex/generic/kvdefinekeys/kvdefinekeys.sty
Package: kvdefinekeys 2019-12-19 v1.6 Define keys (HO)
) (/Users/miko/Library/TinyTeX/texmf-dist/tex/generic/pdfescape/pdfescape.sty
Package: pdfescape 2019/12/09 v1.15 Implements pdfTeX's escape features (HO)
(/Users/miko/Library/TinyTeX/texmf-dist/tex/generic/pdftexcmds/pdftexcmds.sty
Package: pdftexcmds 2020-06-27 v0.33 Utility functions of pdfTeX for LuaTeX (HO)
(/Users/miko/Library/TinyTeX/texmf-dist/tex/generic/infwarerr/infwarerr.sty
Package: infwarerr 2019/12/03 v1.5 Providing info/warning/error messages (HO)
)
Package pdftexcmds Info: \pdf@primitive is available.
Package pdftexcmds Info: \pdf@ifprimitive is available.
Package pdftexcmds Info: \pdfdraftmode found.
\pdftexcmds@toks=\toks29
)) (/Users/miko/Library/TinyTeX/texmf-dist/tex/latex/hycolor/hycolor.sty
Package: hycolor 2020-01-27 v1.10 Color options for hyperref/bookmark (HO)
) (/Users/miko/Library/TinyTeX/texmf-dist/tex/latex/hyperref/nameref.sty
Package: nameref 2026-01-29 v2.58 Cross-referencing by name of section
(/Users/miko/Library/TinyTeX/texmf-dist/tex/latex/refcount/refcount.sty
Package: refcount 2019/12/15 v3.6 Data extraction from label references (HO)
) (/Users/miko/Library/TinyTeX/texmf-dist/tex/generic/gettitlestring/gettitlestring.sty
Package: gettitlestring 2019/12/15 v1.6 Cleanup title references (HO)
)
\c@section@level=\count330
) (/Users/miko/Library/TinyTeX/texmf-dist/tex/generic/stringenc/stringenc.sty
Package: stringenc 2019/11/29 v1.12 Convert strings between diff. encodings (HO)
)
\@linkdim=\dimen194
\Hy@linkcounter=\count331
\Hy@pagecounter=\count332
(/Users/miko/Library/TinyTeX/texmf-dist/tex/latex/hyperref/pd1enc.def
File: pd1enc.def 2026-01-29 v7.01p Hyperref: PDFDocEncoding definition (HO)
) (/Users/miko/Library/TinyTeX/texmf-dist/tex/generic/intcalc/intcalc.sty
Package: intcalc 2019/12/15 v1.3 Expandable calculations with integers (HO)
)
\Hy@SavedSpaceFactor=\count333
(/Users/miko/Library/TinyTeX/texmf-dist/tex/latex/hyperref/puenc.def
File: puenc.def 2026-01-29 v7.01p Hyperref: PDF Unicode definition (HO)
)
Package hyperref Info: Option `unicode' set `true' on input line 4072.
Package hyperref Info: Hyper figures OFF on input line 4201.
Package hyperref Info: Link nesting OFF on input line 4206.
Package hyperref Info: Hyper index ON on input line 4209.
Package hyperref Info: Plain pages OFF on input line 4216.
Package hyperref Info: Backreferencing OFF on input line 4221.
Package hyperref Info: Implicit mode ON; LaTeX internals redefined.
Package hyperref Info: Bookmarks ON on input line 4468.
\c@Hy@tempcnt=\count334
LaTeX Info: Redefining \url on input line 4807.
\XeTeXLinkMargin=\dimen195
(/Users/miko/Library/TinyTeX/texmf-dist/tex/generic/bitset/bitset.sty
Package: bitset 2019/12/09 v1.3 Handle bit-vector datatype (HO)
(/Users/miko/Library/TinyTeX/texmf-dist/tex/generic/bigintcalc/bigintcalc.sty
Package: bigintcalc 2019/12/15 v1.5 Expandable calculations on big integers (HO)
))
\Fld@menulength=\count335
\Field@Width=\dimen196
\Fld@charsize=\dimen197
Package hyperref Info: Hyper figures OFF on input line 6084.
Package hyperref Info: Link nesting OFF on input line 6089.
Package hyperref Info: Hyper index ON on input line 6092.
Package hyperref Info: backreferencing OFF on input line 6099.
Package hyperref Info: Link coloring OFF on input line 6104.
Package hyperref Info: Link coloring with OCG OFF on input line 6109.
Package hyperref Info: PDF/A mode OFF on input line 6114.
\Hy@abspage=\count336
\c@Item=\count337
\c@Hfootnote=\count338
)
Package hyperref Info: Driver (autodetected): hluatex.
(/Users/miko/Library/TinyTeX/texmf-dist/tex/latex/hyperref/hluatex.def
File: hluatex.def 2026-01-29 v7.01p Hyperref driver for luaTeX
\Fld@listcount=\count339
\c@bookmark@seq@number=\count340
(/Users/miko/Library/TinyTeX/texmf-dist/tex/latex/rerunfilecheck/rerunfilecheck.sty
Package: rerunfilecheck 2025-06-21 v1.11 Rerun checks for auxiliary files (HO)
(/Users/miko/Library/TinyTeX/texmf-dist/tex/generic/uniquecounter/uniquecounter.sty
Package: uniquecounter 2019/12/15 v1.4 Provide unlimited unique counter (HO)
)
Package uniquecounter Info: New unique counter `rerunfilecheck' on input line 284.
)
\Hy@SectionHShift=\skip79
) (/Users/miko/Library/TinyTeX/texmf-dist/tex/latex/bookmark/bkm-pdftex.def
File: bkm-pdftex.def 2023-12-10 v1.31 bookmark driver for pdfTeX and luaTeX (HO)
\BKM@id=\count341
)) (/Users/miko/Library/TinyTeX/texmf-dist/tex/latex/caption/caption.sty
Package: caption 2023/08/05 v3.6o Customizing captions (AR)
(/Users/miko/Library/TinyTeX/texmf-dist/tex/latex/caption/caption3.sty
Package: caption3 2023/07/31 v2.4d caption3 kernel (AR)
\caption@tempdima=\dimen198
\captionmargin=\dimen199
\caption@leftmargin=\dimen256
\caption@rightmargin=\dimen257
\caption@width=\dimen258
\caption@indent=\dimen259
\caption@parindent=\dimen260
\caption@hangindent=\dimen261
Package caption Info: Standard document class detected.
)
\c@caption@flags=\count342
\c@continuedfloat=\count343
Package caption Info: hyperref package is loaded.
Package caption Info: longtable package is loaded.
(/Users/miko/Library/TinyTeX/texmf-dist/tex/latex/caption/ltcaption.sty
Package: ltcaption 2021/01/08 v1.4c longtable captions (AR)
)) (/Users/miko/Library/TinyTeX/texmf-dist/tex/latex/float/float.sty
Package: float 2001/11/08 v1.3d Float enhancements (AL)
\c@float@type=\count344
\float@exts=\toks30
\float@box=\box66
\@float@everytoks=\toks31
\@floatcapt=\box67
)
\@float@every@codelisting=\toks32
\c@codelisting=\count345
(/Users/miko/Library/TinyTeX/texmf-dist/tex/latex/caption/subcaption.sty
Package: subcaption 2023/07/28 v1.6b Sub-captions (AR)
Package caption Info: New subtype `subfigure' on input line 238.
\c@subfigure=\count346
Package caption Info: New subtype `subtable' on input line 238.
\c@subtable=\count347
)
Package hyperref Info: Option `colorlinks' set `true' on input line 216.
(./index.aux)
\openout1 = index.aux

LaTeX Font Info:    Checking defaults for OML/cmm/m/it on input line 229.
LaTeX Font Info:    ... okay on input line 229.
LaTeX Font Info:    Checking defaults for OMS/cmsy/m/n on input line 229.
LaTeX Font Info:    ... okay on input line 229.
LaTeX Font Info:    Checking defaults for OT1/cmr/m/n on input line 229.
LaTeX Font Info:    ... okay on input line 229.
LaTeX Font Info:    Checking defaults for T1/cmr/m/n on input line 229.
LaTeX Font Info:    ... okay on input line 229.
LaTeX Font Info:    Checking defaults for TS1/cmr/m/n on input line 229.
LaTeX Font Info:    ... okay on input line 229.
LaTeX Font Info:    Checking defaults for TU/lmr/m/n on input line 229.
LaTeX Font Info:    ... okay on input line 229.
LaTeX Font Info:    Checking defaults for OMX/cmex/m/n on input line 229.
LaTeX Font Info:    ... okay on input line 229.
LaTeX Font Info:    Checking defaults for U/cmr/m/n on input line 229.
LaTeX Font Info:    ... okay on input line 229.
LaTeX Font Info:    Checking defaults for PD1/pdf/m/n on input line 229.
LaTeX Font Info:    ... okay on input line 229.
LaTeX Font Info:    Checking defaults for PU/pdf/m/n on input line 229.
LaTeX Font Info:    ... okay on input line 229.
(/Users/miko/Library/TinyTeX/texmf-dist/tex/latex/epstopdf-pkg/epstopdf-base.sty
Package: epstopdf-base 2020-01-24 v2.11 Base part for package epstopdf
Package epstopdf-base Info: Redefining graphics rule for `.eps' on input line 485.
(/Users/miko/Library/TinyTeX/texmf-dist/tex/latex/latexconfig/epstopdf-sys.cfg
File: epstopdf-sys.cfg 2010/07/13 v1.3 Configuration of (r)epstopdf for TeX Live
))
*geometry* driver: auto-detecting
*geometry* detected driver: luatex
*geometry* verbose mode - [ preamble ] result:
* driver: luatex
* paper: a4paper
* layout: <same size as paper>
* layoutoffset:(h,v)=(0.0pt,0.0pt)
* modes: twoside 
* h-part:(L,W,R)=(71.13188pt, 455.24411pt, 71.13188pt)
* v-part:(T,H,B)=(56.9055pt, 731.23584pt, 56.9055pt)
* \paperwidth=597.50787pt
* \paperheight=845.04684pt
* \textwidth=455.24411pt
* \textheight=731.23584pt
* \oddsidemargin=-1.1381pt
* \evensidemargin=-1.1381pt
* \topmargin=-45.43198pt
* \headheight=12.0pt
* \headsep=18.06749pt
* \topskip=10.0pt
* \footskip=25.29494pt
* \marginparwidth=115.0pt
* \marginparsep=7.0pt
* \columnsep=10.0pt
* \skip\footins=9.0pt plus 4.0pt minus 2.0pt
* \hoffset=0.0pt
* \voffset=0.0pt
* \mag=1000
* \@twocolumnfalse
* \@twosidetrue
* \@mparswitchtrue
* \@reversemarginfalse
* (1in=72.27pt=25.4mm, 1cm=28.453pt)

LaTeX Font Info:    Overwriting math alphabet `\mathrm' in version `normal'
(Font)                  OT1/lmr/m/n --> TU/lmr/m/n on input line 229.
LaTeX Font Info:    Overwriting math alphabet `\mathit' in version `normal'
(Font)                  OT1/lmr/m/it --> TU/lmr/m/it on input line 229.
LaTeX Font Info:    Overwriting math alphabet `\mathbf' in version `normal'
(Font)                  OT1/lmr/bx/n --> TU/lmr/bx/n on input line 229.
LaTeX Font Info:    Overwriting math alphabet `\mathsf' in version `normal'
(Font)                  OT1/lmss/m/n --> TU/lmss/m/n on input line 229.
LaTeX Font Info:    Overwriting math alphabet `\mathsf' in version `bold'
(Font)                  OT1/lmss/bx/n --> TU/lmss/bx/n on input line 229.
LaTeX Font Info:    Overwriting math alphabet `\mathtt' in version `normal'
(Font)                  OT1/lmtt/m/n --> TU/lmtt/m/n on input line 229.
LaTeX Font Info:    Overwriting math alphabet `\mathtt' in version `bold'
(Font)                  OT1/lmtt/m/n --> TU/lmtt/bx/n on input line 229.

Package fontspec Info: 
(fontspec)             latinmodern-math scale = 0.9999964596882403.


Package fontspec Info: 
(fontspec)             latinmodern-math scale = 0.9999964596882403.


Package fontspec Info: 
(fontspec)             latinmodern-math scale = 0.9999964596882403.


Package fontspec Info: 
(fontspec)             Font family 'latinmodern-math.otf(0)' created for font
(fontspec)             'latinmodern-math.otf' with options
(fontspec)             [Scale=MatchLowercase,Renderer=Basic,BoldItalicFont={},ItalicFont={},SmallCapsFont={},Script=Math,RawFeature={mathfontdimen=xetex},BoldFont={latinmodern-math.otf}].
(fontspec)              
(fontspec)              This font family consists of the following NFSS
(fontspec)             series/shapes:
(fontspec)              
(fontspec)             - 'normal' (m/n) with NFSS spec.:
(fontspec)             <->s*[0.9999964596882403]"[latinmodern-math.otf]:mode=base;script=math;language=dflt;mathfontdimen=xetex;"
(fontspec)             - 'bold' (b/n) with NFSS spec.:
(fontspec)             <->s*[0.9999964596882403]"[latinmodern-math.otf]:mode=base;script=math;language=dflt;mathfontdimen=xetex;"

LaTeX Font Info:    Font shape `TU/latinmodern-math.otf(0)/m/n' will be
(Font)              scaled to size 10.0pt on input line 229.

Package fontspec Info: 
(fontspec)             latinmodern-math scale = 0.9999964596882403.


Package fontspec Info: 
(fontspec)             latinmodern-math scale = 0.9999964596882403.


Package fontspec Info: 
(fontspec)             latinmodern-math scale = 0.9999964596882403.


Package fontspec Info: 
(fontspec)             latinmodern-math scale = 0.9999964596882403.


Package fontspec Info: 
(fontspec)             latinmodern-math scale = 0.9999964596882403.


Package fontspec Info: 
(fontspec)             Font family 'latinmodern-math.otf(1)' created for font
(fontspec)             'latinmodern-math.otf' with options
(fontspec)             [Scale=MatchLowercase,Renderer=Basic,BoldItalicFont={},ItalicFont={},SmallCapsFont={},Script=Math,SizeFeatures={{Size=8.5-},{Size=6-8.5,Font=latinmodern-math.otf,Style=MathScript},{Size=-6,Font=latinmodern-math.otf,Style=MathScriptScript}},RawFeature={mathfontdimen=xetex},BoldFont={latinmodern-math.otf}].
(fontspec)              
(fontspec)              This font family consists of the following NFSS
(fontspec)             series/shapes:
(fontspec)              
(fontspec)             - 'normal' (m/n) with NFSS spec.:
(fontspec)             <8.5->s*[0.9999964596882403]"[latinmodern-math.otf]:mode=base;script=math;language=dflt;mathfontdimen=xetex;"<6-8.5>s*[0.9999964596882403]"[latinmodern-math.otf]:mode=base;script=math;language=dflt;mathfontdimen=xetex;+ssty=0;"<-6>s*[0.9999964596882403]"[latinmodern-math.otf]:mode=base;script=math;language=dflt;mathfontdimen=xetex;+ssty=1;"
(fontspec)             - 'bold' (b/n) with NFSS spec.:
(fontspec)             <->s*[0.9999964596882403]"[latinmodern-math.otf]:mode=base;script=math;language=dflt;mathfontdimen=xetex;"

LaTeX Font Info:    Font shape `TU/latinmodern-math.otf(1)/m/n' will be
(Font)              scaled to size 10.0pt on input line 229.
LaTeX Font Info:    Encoding `OT1' has changed to `TU' for symbol font
(Font)              `operators' in the math version `normal' on input line 229.
LaTeX Font Info:    Overwriting symbol font `operators' in version `normal'
(Font)                  OT1/lmr/m/n --> TU/latinmodern-math.otf(1)/m/n on input line 229.
LaTeX Font Info:    Encoding `OT1' has changed to `TU' for symbol font
(Font)              `operators' in the math version `bold' on input line 229.
LaTeX Font Info:    Overwriting symbol font `operators' in version `bold'
(Font)                  OT1/lmr/bx/n --> TU/latinmodern-math.otf(1)/b/n on input line 229.

Package fontspec Info: 
(fontspec)             latinmodern-math scale = 0.9999964596882403.


Package fontspec Info: 
(fontspec)             latinmodern-math scale = 0.9999964596882403.


Package fontspec Info: 
(fontspec)             latinmodern-math scale = 0.9999964596882403.


Package fontspec Info: 
(fontspec)             latinmodern-math scale = 0.9999964596882403.


Package fontspec Info: 
(fontspec)             latinmodern-math scale = 0.9999964596882403.


Package fontspec Info: 
(fontspec)             Font family 'latinmodern-math.otf(2)' created for font
(fontspec)             'latinmodern-math.otf' with options
(fontspec)             [Scale=MatchLowercase,Renderer=Basic,BoldItalicFont={},ItalicFont={},SmallCapsFont={},Script=Math,SizeFeatures={{Size=8.5-},{Size=6-8.5,Font=latinmodern-math.otf,Style=MathScript},{Size=-6,Font=latinmodern-math.otf,Style=MathScriptScript}},RawFeature={mathfontdimen=xetex},BoldFont={latinmodern-math.otf},RawFeature={mathfontdimen=tex2}].
(fontspec)              
(fontspec)              This font family consists of the following NFSS
(fontspec)             series/shapes:
(fontspec)              
(fontspec)             - 'normal' (m/n) with NFSS spec.:
(fontspec)             <8.5->s*[0.9999964596882403]"[latinmodern-math.otf]:mode=base;script=math;language=dflt;mathfontdimen=xetex;mathfontdimen=tex2;"<6-8.5>s*[0.9999964596882403]"[latinmodern-math.otf]:mode=base;script=math;language=dflt;mathfontdimen=xetex;mathfontdimen=tex2;+ssty=0;"<-6>s*[0.9999964596882403]"[latinmodern-math.otf]:mode=base;script=math;language=dflt;mathfontdimen=xetex;mathfontdimen=tex2;+ssty=1;"
(fontspec)             - 'bold' (b/n) with NFSS spec.:
(fontspec)             <->s*[0.9999964596882403]"[latinmodern-math.otf]:mode=base;script=math;language=dflt;mathfontdimen=xetex;mathfontdimen=tex2;"

LaTeX Font Info:    Encoding `OMS' has changed to `TU' for symbol font
(Font)              `symbols' in the math version `normal' on input line 229.
LaTeX Font Info:    Overwriting symbol font `symbols' in version `normal'
(Font)                  OMS/lmsy/m/n --> TU/latinmodern-math.otf(2)/m/n on input line 229.
LaTeX Font Info:    Encoding `OMS' has changed to `TU' for symbol font
(Font)              `symbols' in the math version `bold' on input line 229.
LaTeX Font Info:    Overwriting symbol font `symbols' in version `bold'
(Font)                  OMS/lmsy/b/n --> TU/latinmodern-math.otf(2)/b/n on input line 229.

Package fontspec Info: 
(fontspec)             latinmodern-math scale = 0.9999964596882403.


Package fontspec Info: 
(fontspec)             latinmodern-math scale = 0.9999964596882403.


Package fontspec Info: 
(fontspec)             latinmodern-math scale = 0.9999964596882403.


Package fontspec Info: 
(fontspec)             latinmodern-math scale = 0.9999964596882403.


Package fontspec Info: 
(fontspec)             latinmodern-math scale = 0.9999964596882403.


Package fontspec Info: 
(fontspec)             Font family 'latinmodern-math.otf(3)' created for font
(fontspec)             'latinmodern-math.otf' with options
(fontspec)             [Scale=MatchLowercase,Renderer=Basic,BoldItalicFont={},ItalicFont={},SmallCapsFont={},Script=Math,SizeFeatures={{Size=8.5-},{Size=6-8.5,Font=latinmodern-math.otf,Style=MathScript},{Size=-6,Font=latinmodern-math.otf,Style=MathScriptScript}},RawFeature={mathfontdimen=xetex},BoldFont={latinmodern-math.otf},RawFeature={mathfontdimen=tex3}].
(fontspec)              
(fontspec)              This font family consists of the following NFSS
(fontspec)             series/shapes:
(fontspec)              
(fontspec)             - 'normal' (m/n) with NFSS spec.:
(fontspec)             <8.5->s*[0.9999964596882403]"[latinmodern-math.otf]:mode=base;script=math;language=dflt;mathfontdimen=xetex;mathfontdimen=tex3;"<6-8.5>s*[0.9999964596882403]"[latinmodern-math.otf]:mode=base;script=math;language=dflt;mathfontdimen=xetex;mathfontdimen=tex3;+ssty=0;"<-6>s*[0.9999964596882403]"[latinmodern-math.otf]:mode=base;script=math;language=dflt;mathfontdimen=xetex;mathfontdimen=tex3;+ssty=1;"
(fontspec)             - 'bold' (b/n) with NFSS spec.:
(fontspec)             <->s*[0.9999964596882403]"[latinmodern-math.otf]:mode=base;script=math;language=dflt;mathfontdimen=xetex;mathfontdimen=tex3;"

LaTeX Font Info:    Encoding `OMX' has changed to `TU' for symbol font
(Font)              `largesymbols' in the math version `normal' on input line 229.
LaTeX Font Info:    Overwriting symbol font `largesymbols' in version `normal'
(Font)                  OMX/lmex/m/n --> TU/latinmodern-math.otf(3)/m/n on input line 229.
LaTeX Font Info:    Encoding `OMX' has changed to `TU' for symbol font
(Font)              `largesymbols' in the math version `bold' on input line 229.
LaTeX Font Info:    Overwriting symbol font `largesymbols' in version `bold'
(Font)                  OMX/lmex/m/n --> TU/latinmodern-math.otf(3)/b/n on input line 229.
LaTeX Font Info:    Font shape `TU/latinmodern-math.otf(1)/m/n' will be
(Font)              scaled to size 7.0pt on input line 229.
LaTeX Font Info:    Font shape `TU/latinmodern-math.otf(1)/m/n' will be
(Font)              scaled to size 5.0pt on input line 229.
LaTeX Font Info:    Trying to load font information for OML+lmm on input line 229.
(/Users/miko/Library/TinyTeX/texmf-dist/tex/latex/lm/omllmm.fd
File: omllmm.fd 2015/05/01 v1.6.1 Font defs for Latin Modern
)
LaTeX Font Info:    Font shape `TU/latinmodern-math.otf(2)/m/n' will be
(Font)              scaled to size 10.0pt on input line 229.
LaTeX Font Info:    Font shape `TU/latinmodern-math.otf(2)/m/n' will be
(Font)              scaled to size 7.0pt on input line 229.
LaTeX Font Info:    Font shape `TU/latinmodern-math.otf(2)/m/n' will be
(Font)              scaled to size 5.0pt on input line 229.
LaTeX Font Info:    Font shape `TU/latinmodern-math.otf(3)/m/n' will be
(Font)              scaled to size 10.0pt on input line 229.
LaTeX Font Info:    Font shape `TU/latinmodern-math.otf(3)/m/n' will be
(Font)              scaled to size 7.0pt on input line 229.
LaTeX Font Info:    Font shape `TU/latinmodern-math.otf(3)/m/n' will be
(Font)              scaled to size 5.0pt on input line 229.
LaTeX Font Info:    Trying to load font information for U+msa on input line 229.
(/Users/miko/Library/TinyTeX/texmf-dist/tex/latex/amsfonts/umsa.fd
File: umsa.fd 2013/01/14 v3.01 AMS symbols A
)
LaTeX Font Info:    Trying to load font information for U+msb on input line 229.
(/Users/miko/Library/TinyTeX/texmf-dist/tex/latex/amsfonts/umsb.fd
File: umsb.fd 2013/01/14 v3.01 AMS symbols B
)
LaTeX Info: Redefining \microtypecontext on input line 229.
Package microtype Info: Applying patch `item' on input line 229.
Package microtype Info: Applying patch `toc' on input line 229.
Package microtype Info: Applying patch `eqnum' on input line 229.
Package microtype Info: Applying patch `footnote' on input line 229.
Package microtype Info: Applying patch `verbatim' on input line 229.
LaTeX Info: Redefining \microtypesetup on input line 229.
Package microtype Info: Generating PDF output.
Package microtype Info: Character protrusion enabled (level 2).
Package microtype Info: Using protrusion set `basicmath'.
Package microtype Info: Automatic font expansion enabled (level 2),
(microtype)             stretch: 20, shrink: 20, step: 1, non-selected.
Package microtype Info: Using default expansion set `alltext-nott'.
Package microtype Info: Patching command `\showhyphens'.
Package microtype Info: No adjustment of tracking.
Package microtype Info: No adjustment of spacing.
Package microtype Info: No adjustment of kerning.
(/Users/miko/Library/TinyTeX/texmf-dist/tex/latex/microtype/mt-LatinModernRoman.cfg
File: mt-LatinModernRoman.cfg 2026/02/26 v1.2 microtype config. file: Latin Modern Roman (RS)
)
Package hyperref Info: Link coloring ON on input line 229.
Package caption Info: Begin \AtBeginDocument code.
Package caption Info: float package is loaded.
Package caption Info: End \AtBeginDocument code.
LaTeX Font Info:    Font shape `TU/latinmodern-math.otf(1)/m/n' will be
(Font)              scaled to size 12.0pt on input line 232.
LaTeX Font Info:    Font shape `TU/latinmodern-math.otf(1)/m/n' will be
(Font)              scaled to size 8.0pt on input line 232.
LaTeX Font Info:    Font shape `TU/latinmodern-math.otf(1)/m/n' will be
(Font)              scaled to size 6.0pt on input line 232.
LaTeX Font Info:    Font shape `TU/latinmodern-math.otf(2)/m/n' will be
(Font)              scaled to size 12.0pt on input line 232.
LaTeX Font Info:    Font shape `TU/latinmodern-math.otf(2)/m/n' will be
(Font)              scaled to size 8.0pt on input line 232.
LaTeX Font Info:    Font shape `TU/latinmodern-math.otf(2)/m/n' will be
(Font)              scaled to size 6.0pt on input line 232.
LaTeX Font Info:    Font shape `TU/latinmodern-math.otf(3)/m/n' will be
(Font)              scaled to size 12.0pt on input line 232.
LaTeX Font Info:    Font shape `TU/latinmodern-math.otf(3)/m/n' will be
(Font)              scaled to size 8.0pt on input line 232.
LaTeX Font Info:    Font shape `TU/latinmodern-math.otf(3)/m/n' will be
(Font)              scaled to size 6.0pt on input line 232.
(/Users/miko/Library/TinyTeX/texmf-dist/tex/latex/microtype/mt-msa.cfg
File: mt-msa.cfg 2006/02/04 v1.1 microtype config. file: AMS symbols (a) (RS)
) (/Users/miko/Library/TinyTeX/texmf-dist/tex/latex/microtype/mt-msb.cfg
File: mt-msb.cfg 2005/06/01 v1.0 microtype config. file: AMS symbols (b) (RS)
) [1



{/Users/miko/Library/TinyTeX/texmf-var/fonts/map/pdftex/updmap/pdftex.map}] [2

] (./index.toc [3] [4] [5] [6] [7] [8])
\tf@toc=\write4

\openout4 = index.toc
[9] [10

] [1

] [2

] [3] [4]
LaTeX Font Info:    Font shape `TU/lmtt/bx/n' in size <10> not available
(Font)              Font shape `TU/lmtt/b/n' tried instead on input line 440.
[5

] [6]
Underfull \vbox (badness 1194) has occurred while \output is active []

[7] [8] [9] [10] [11] [12] [13]
Underfull \hbox (badness 10000) in paragraph at lines 1252--1268
[]\TU/lmtt/b/n/10 fn deserialize<D: serde::Deserializer<'de>>(deserializer: D) -> Result<Self, D::Error>
 []

[14] [15] [16] [17]
Overfull \hbox (26.18063pt too wide) in paragraph at lines 1630--1635
[]\TU/lmr/m/n/10 Read the test name and you know ex-actly what be-haviour it’s ver-i-fy-ing. \TU/lmtt/m/n/10 replicas_deserialise_zero_rejected
 []

[18] [19] [20] [21]
Overfull \hbox (56.96172pt too wide) in paragraph at lines 1990--1992
[]\TU/lmr/m/n/10 Re-li-aburger cre-ates its cgroup hi-er-ar-chy un-der \TU/lmtt/m/n/10 /sys/fs/cgroup/reliaburger/{namespace}/{app_name}/{instance}\TU/lmr/m/n/10 : 
 []

[22] [23] [24] [25] [26] [27] [28]
LaTeX Font Info:    Font shape `TU/lmtt/bx/n' in size <12> not available
(Font)              Font shape `TU/lmtt/b/n' tried instead on input line 2730.
[29] [30] [31]
Underfull \hbox (badness 1910) in paragraph at lines 3004--3009
[]\TU/lmr/m/n/10 It takes all its in-puts as pa-ram-e-ters, does a \TU/lmtt/m/n/10 match\TU/lmr/m/n/10 , and re-turns \TU/lmtt/m/n/10 Option<ContainerState>\TU/lmr/m/n/10 .
 []

[32] [33]
Overfull \hbox (1.49121pt too wide) in paragraph at lines 3103--3107
[]\TU/lmtt/m/n/10 f64 \TU/lmr/m/n/10 han-dles large ex-po-nents grace-fully. At ex-treme val-ues, \TU/lmtt/m/n/10 powi \TU/lmr/m/n/10 re-turns in-fin-ity, and \TU/lmtt/m/n/10 infinity.min(300.0)
 []

[34] [35] [36] [37] [38] [39] [40] [41]
Underfull \vbox (badness 3078) has occurred while \output is active []

[42] [43] [44] [45] [46] [47] [48] [49] [50] [51] [52] [53] [54] [55]
Overfull \hbox (61.27821pt too wide) in paragraph at lines 5015--5018
\TU/lmr/m/n/10 Docker Hub has con-ve-nient short-hand. You type \TU/lmtt/m/n/10 alpine\TU/lmr/m/n/10 , but the ac-tual ref-er-ence is \TU/lmtt/m/n/10 docker.io/library/alpine:latest\TU/lmr/m/n/10 .
 []


Overfull \hbox (3.65573pt too wide) in paragraph at lines 5029--5034
[]\TU/lmr/m/n/10 The parser han-dles bare names (\TU/lmtt/m/n/10 alpine\TU/lmr/m/n/10 ), names with tags (\TU/lmtt/m/n/10 alpine:3.19\TU/lmr/m/n/10 ), user re-pos (\TU/lmtt/m/n/10 myuser/myimage:v1\TU/lmr/m/n/10 ),
 []

[56] [57]
Underfull \hbox (badness 1199) in paragraph at lines 5193--5197
[]\TU/lmr/m/n/10 The \TU/lmtt/m/n/10 detect_runtime() \TU/lmr/m/n/10 func-tion now auto-detects root-less mode and con-fig-ures paths ac-cord-
 []


Underfull \hbox (badness 1137) in paragraph at lines 5193--5197
\TU/lmr/m/n/10 ingly. Non-root users get \TU/lmtt/m/n/10 ~/.local/share/reliaburger/ \TU/lmr/m/n/10 for im-ages and bun-dles; root uses
 []

[58]
Overfull \hbox (8.14612pt too wide) in paragraph at lines 5315--5321
[]\TU/lmr/m/n/10 With the names-pace comes Docker’s de-fault ca-pa-bil-ity set: \TU/lmtt/m/n/10 CAP_CHOWN\TU/lmr/m/n/10 , \TU/lmtt/m/n/10 CAP_SETUID\TU/lmr/m/n/10 , \TU/lmtt/m/n/10 CAP_NET_BIND_SERVICE
 []

[59] [60]
Underfull \hbox (badness 2435) in paragraph at lines 5469--5485
\TU/lmr/m/n/10 the next Bun sees. \TU/lmtt/m/n/10 restart_after_unit_cgroup_stop_recovers_a_running_generation \TU/lmr/m/n/10 and
 []

[61] [62]
Underfull \hbox (badness 1436) in paragraph at lines 5647--5659
\TU/lmr/m/n/10 Unit tests can edit records to ex-er-cise each de-ci-sion, but that’s not the same as a crash.
 []

[63] [64] [65] [66

] [67] [68]
Missing character: There is no ─ (U+2500) in font [lmmono10-regular]:!
Missing character: There is no ─ (U+2500) in font [lmmono10-regular]:!
Missing character: There is no ─ (U+2500) in font [lmmono10-regular]:!
Missing character: There is no ─ (U+2500) in font [lmmono10-regular]:!
Missing character: There is no ▲ (U+25B2) in font [lmmono10-regular]:!
Missing character: There is no │ (U+2502) in font [lmmono10-regular]:!
Missing character: There is no └ (U+2514) in font [lmmono10-regular]:!
Missing character: There is no ─ (U+2500) in font [lmmono10-regular]:!
Missing character: There is no ─ (U+2500) in font [lmmono10-regular]:!
Missing character: There is no ─ (U+2500) in font [lmmono10-regular]:!
Missing character: There is no ─ (U+2500) in font [lmmono10-regular]:!
Missing character: There is no ─ (U+2500) in font [lmmono10-regular]:!
Missing character: There is no ─ (U+2500) in font [lmmono10-regular]:!
Missing character: There is no ─ (U+2500) in font [lmmono10-regular]:!
Missing character: There is no ─ (U+2500) in font [lmmono10-regular]:!
Missing character: There is no ─ (U+2500) in font [lmmono10-regular]:!
Missing character: There is no ─ (U+2500) in font [lmmono10-regular]:!
Missing character: There is no ┘ (U+2518) in font [lmmono10-regular]:!
Missing character: There is no ─ (U+2500) in font [lmmono10-regular]:!
Missing character: There is no ─ (U+2500) in font [lmmono10-regular]:!
[69
Missing character: There is no ─ (U+2500) in font [lmmono10-regular]:!
Missing character: There is no ─ (U+2500) in font [lmmono10-regular]:!
Missing character: There is no ─ (U+2500) in font [lmmono10-regular]:!
Missing character: There is no ─ (U+2500) in font [lmmono10-regular]:!
Missing character: There is no ▲ (U+25B2) in font [lmmono10-regular]:!
Missing character: There is no │ (U+2502) in font [lmmono10-regular]:!
Missing character: There is no └ (U+2514) in font [lmmono10-regular]:!
Missing character: There is no ─ (U+2500) in font [lmmono10-regular]:!
Missing character: There is no ─ (U+2500) in font [lmmono10-regular]:!
Missing character: There is no ─ (U+2500) in font [lmmono10-regular]:!
Missing character: There is no ─ (U+2500) in font [lmmono10-regular]:!
Missing character: There is no ─ (U+2500) in font [lmmono10-regular]:!
Missing character: There is no ─ (U+2500) in font [lmmono10-regular]:!
Missing character: There is no ─ (U+2500) in font [lmmono10-regular]:!
Missing character: There is no ─ (U+2500) in font [lmmono10-regular]:!
Missing character: There is no ─ (U+2500) in font [lmmono10-regular]:!
Missing character: There is no ─ (U+2500) in font [lmmono10-regular]:!
Missing character: There is no ┘ (U+2518) in font [lmmono10-regular]:!
Missing character: There is no ─ (U+2500) in font [lmmono10-regular]:!
Missing character: There is no ─ (U+2500) in font [lmmono10-regular]:!
] [70]
Overfull \hbox (12.00589pt too wide) in paragraph at lines 6318--6318
[]\TU/lmtt/m/n/10 thread 'one_node_handles_10k_member_protocol_state' panicked at tests/gossip_10k.rs:87:9:[] 
 []

[71] [72] [73]
Overfull \hbox (9.37277pt too wide) in paragraph at lines 6545--6551
[]\TU/lmr/m/n/10 The generic pa-ram-e-ter \TU/lmtt/m/n/10 T: MustardTransport \TU/lmr/m/n/10 means we can con-struct a \TU/lmtt/m/n/10 MustardNode<InMemoryTransport>
 []

[74] [75] [76] [77] [78] [79] [80] [81] [82] [83] [84] [85] [86] [87] [88] [89] [90] [91] [92] [93] [94] [95]
Missing character: There is no ┌ (U+250C) in font [lmmono10-regular]:!
Missing character: There is no ─ (U+2500) in font [lmmono10-regular]:!
Missing character: There is no ─ (U+2500) in font [lmmono10-regular]:!
Missing character: There is no ─ (U+2500) in font [lmmono10-regular]:!
Missing character: There is no ─ (U+2500) in font [lmmono10-regular]:!
Missing character: There is no ─ (U+2500) in font [lmmono10-regular]:!
Missing character: There is no ─ (U+2500) in font [lmmono10-regular]:!
Missing character: There is no ─ (U+2500) in font [lmmono10-regular]:!
Missing character: There is no ─ (U+2500) in font [lmmono10-regular]:!
Missing character: There is no ─ (U+2500) in font [lmmono10-regular]:!
Missing character: There is no ─ (U+2500) in font [lmmono10-regular]:!
Missing character: There is no ─ (U+2500) in font [lmmono10-regular]:!
Missing character: There is no ─ (U+2500) in font [lmmono10-regular]:!
Missing character: There is no ┐ (U+2510) in font [lmmono10-regular]:!
Missing character: There is no ┌ (U+250C) in font [lmmono10-regular]:!
Missing character: There is no ─ (U+2500) in font [lmmono10-regular]:!
Missing character: There is no ─ (U+2500) in font [lmmono10-regular]:!
Missing character: There is no ─ (U+2500) in font [lmmono10-regular]:!
Missing character: There is no ─ (U+2500) in font [lmmono10-regular]:!
Missing character: There is no ─ (U+2500) in font [lmmono10-regular]:!
Missing character: There is no ─ (U+2500) in font [lmmono10-regular]:!
Missing character: There is no ─ (U+2500) in font [lmmono10-regular]:!
Missing character: There is no ─ (U+2500) in font [lmmono10-regular]:!
Missing character: There is no ─ (U+2500) in font [lmmono10-regular]:!
Missing character: There is no ─ (U+2500) in font [lmmono10-regular]:!
Missing character: There is no ─ (U+2500) in font [lmmono10-regular]:!
Missing character: There is no ─ (U+2500) in font [lmmono10-regular]:!
Missing character: There is no ┐ (U+2510) in font [lmmono10-regular]:!
Missing character: There is no │ (U+2502) in font [lmmono10-regular]:!
Missing character: There is no │ (U+2502) in font [lmmono10-regular]:!
Missing character: There is no │ (U+2502) in font [lmmono10-regular]:!
Missing character: There is no │ (U+2502) in font [lmmono10-regular]:!
Missing character: There is no └ (U+2514) in font [lmmono10-regular]:!
Missing character: There is no ─ (U+2500) in font [lmmono10-regular]:!
Missing character: There is no ─ (U+2500) in font [lmmono10-regular]:!
Missing character: There is no ─ (U+2500) in font [lmmono10-regular]:!
Missing character: There is no ─ (U+2500) in font [lmmono10-regular]:!
Missing character: There is no ─ (U+2500) in font [lmmono10-regular]:!
Missing character: There is no ┬ (U+252C) in font [lmmono10-regular]:!
Missing character: There is no ─ (U+2500) in font [lmmono10-regular]:!
Missing character: There is no ─ (U+2500) in font [lmmono10-regular]:!
Missing character: There is no ─ (U+2500) in font [lmmono10-regular]:!
Missing character: There is no ─ (U+2500) in font [lmmono10-regular]:!
Missing character: There is no ─ (U+2500) in font [lmmono10-regular]:!
Missing character: There is no ─ (U+2500) in font [lmmono10-regular]:!
Missing character: There is no ┘ (U+2518) in font [lmmono10-regular]:!
Missing character: There is no └ (U+2514) in font [lmmono10-regular]:!
Missing character: There is no ─ (U+2500) in font [lmmono10-regular]:!
Missing character: There is no ─ (U+2500) in font [lmmono10-regular]:!
Missing character: There is no ─ (U+2500) in font [lmmono10-regular]:!
Missing character: There is no ─ (U+2500) in font [lmmono10-regular]:!
Missing character: There is no ─ (U+2500) in font [lmmono10-regular]:!
Missing character: There is no ┬ (U+252C) in font [lmmono10-regular]:!
Missing character: There is no ─ (U+2500) in font [lmmono10-regular]:!
Missing character: There is no ─ (U+2500) in font [lmmono10-regular]:!
Missing character: There is no ─ (U+2500) in font [lmmono10-regular]:!
Missing character: There is no ─ (U+2500) in font [lmmono10-regular]:!
Missing character: There is no ─ (U+2500) in font [lmmono10-regular]:!
Missing character: There is no ─ (U+2500) in font [lmmono10-regular]:!
Missing character: There is no ┘ (U+2518) in font [lmmono10-regular]:!
Missing character: There is no ┌ (U+250C) in font [lmmono10-regular]:!
Missing character: There is no ─ (U+2500) in font [lmmono10-regular]:!
Missing character: There is no ─ (U+2500) in font [lmmono10-regular]:!
Missing character: There is no ─ (U+2500) in font [lmmono10-regular]:!
Missing character: There is no ─ (U+2500) in font [lmmono10-regular]:!
Missing character: There is no ─ (U+2500) in font [lmmono10-regular]:!
Missing character: There is no ─ (U+2500) in font [lmmono10-regular]:!
Missing character: There is no ─ (U+2500) in font [lmmono10-regular]:!
Missing character: There is no ─ (U+2500) in font [lmmono10-regular]:!
Missing character: There is no ─ (U+2500) in font [lmmono10-regular]:!
Missing character: There is no ─ (U+2500) in font [lmmono10-regular]:!
Missing character: There is no ─ (U+2500) in font [lmmono10-regular]:!
Missing character: There is no ┼ (U+253C) in font [lmmono10-regular]:!
Missing character: There is no ─ (U+2500) in font [lmmono10-regular]:!
Missing character: There is no ─ (U+2500) in font [lmmono10-regular]:!
Missing character: There is no ─ (U+2500) in font [lmmono10-regular]:!
Missing character: There is no ─ (U+2500) in font [lmmono10-regular]:!
Missing character: There is no ─ (U+2500) in font [lmmono10-regular]:!
Missing character: There is no ─ (U+2500) in font [lmmono10-regular]:!
Missing character: There is no ─ (U+2500) in font [lmmono10-regular]:!
Missing character: There is no ─ (U+2500) in font [lmmono10-regular]:!
Missing character: There is no ─ (U+2500) in font [lmmono10-regular]:!
Missing character: There is no ─ (U+2500) in font [lmmono10-regular]:!
Missing character: There is no ─ (U+2500) in font [lmmono10-regular]:!
Missing character: There is no ┐ (U+2510) in font [lmmono10-regular]:!
Missing character: There is no ┌ (U+250C) in font [lmmono10-regular]:!
Missing character: There is no ─ (U+2500) in font [lmmono10-regular]:!
Missing character: There is no ─ (U+2500) in font [lmmono10-regular]:!
Missing character: There is no ─ (U+2500) in font [lmmono10-regular]:!
Missing character: There is no ─ (U+2500) in font [lmmono10-regular]:!
Missing character: There is no ─ (U+2500) in font [lmmono10-regular]:!
Missing character: There is no ─ (U+2500) in font [lmmono10-regular]:!
Missing character: There is no ─ (U+2500) in font [lmmono10-regular]:!
Missing character: There is no ─ (U+2500) in font [lmmono10-regular]:!
Missing character: There is no ─ (U+2500) in font [lmmono10-regular]:!
Missing character: There is no ─ (U+2500) in font [lmmono10-regular]:!
Missing character: There is no ─ (U+2500) in font [lmmono10-regular]:!
Missing character: There is no ┼ (U+253C) in font [lmmono10-regular]:!
Missing character: There is no ─ (U+2500) in font [lmmono10-regular]:!
Missing character: There is no ─ (U+2500) in font [lmmono10-regular]:!
Missing character: There is no ─ (U+2500) in font [lmmono10-regular]:!
Missing character: There is no ─ (U+2500) in font [lmmono10-regular]:!
Missing character: There is no ─ (U+2500) in font [lmmono10-regular]:!
Missing character: There is no ─ (U+2500) in font [lmmono10-regular]:!
Missing character: There is no ─ (U+2500) in font [lmmono10-regular]:!
Missing character: There is no ─ (U+2500) in font [lmmono10-regular]:!
Missing character: There is no ─ (U+2500) in font [lmmono10-regular]:!
Missing character: There is no ─ (U+2500) in font [lmmono10-regular]:!
Missing character: There is no ─ (U+2500) in font [lmmono10-regular]:!
Missing character: There is no ┐ (U+2510) in font [lmmono10-regular]:!
Missing character: There is no ▼ (U+25BC) in font [lmmono10-regular]:!
Missing character: There is no ▼ (U+25BC) in font [lmmono10-regular]:!
Missing character: There is no ▼ (U+25BC) in font [lmmono10-regular]:!
Missing character: There is no ▼ (U+25BC) in font [lmmono10-regular]:!
Missing character: There is no ▼ (U+25BC) in font [lmmono10-regular]:!
Missing character: There is no ▼ (U+25BC) in font [lmmono10-regular]:!
Missing character: There is no ┌ (U+250C) in font [lmmono10-regular]:!
Missing character: There is no ─ (U+2500) in font [lmmono10-regular]:!
Missing character: There is no ─ (U+2500) in font [lmmono10-regular]:!
Missing character: There is no ─ (U+2500) in font [lmmono10-regular]:!
Missing character: There is no ─ (U+2500) in font [lmmono10-regular]:!
Missing character: There is no ─ (U+2500) in font [lmmono10-regular]:!
Missing character: There is no ─ (U+2500) in font [lmmono10-regular]:!
Missing character: There is no ─ (U+2500) in font [lmmono10-regular]:!
Missing character: There is no ─ (U+2500) in font [lmmono10-regular]:!
Missing character: There is no ─ (U+2500) in font [lmmono10-regular]:!
Missing character: There is no ─ (U+2500) in font [lmmono10-regular]:!
Missing character: There is no ┐ (U+2510) in font [lmmono10-regular]:!
Missing character: There is no ┌ (U+250C) in font [lmmono10-regular]:!
Missing character: There is no ─ (U+2500) in font [lmmono10-regular]:!
Missing character: There is no ─ (U+2500) in font [lmmono10-regular]:!
Missing character: There is no ─ (U+2500) in font [lmmono10-regular]:!
Missing character: There is no ─ (U+2500) in font [lmmono10-regular]:!
Missing character: There is no ─ (U+2500) in font [lmmono10-regular]:!
Missing character: There is no ─ (U+2500) in font [lmmono10-regular]:!
Missing character: There is no ─ (U+2500) in font [lmmono10-regular]:!
Missing character: There is no ─ (U+2500) in font [lmmono10-regular]:!
Missing character: There is no ─ (U+2500) in font [lmmono10-regular]:!
Missing character: There is no ─ (U+2500) in font [lmmono10-regular]:!
Missing character: There is no ┐ (U+2510) in font [lmmono10-regular]:!
Missing character: There is no ┌ (U+250C) in font [lmmono10-regular]:!
Missing character: There is no ─ (U+2500) in font [lmmono10-regular]:!
Missing character: There is no ─ (U+2500) in font [lmmono10-regular]:!
Missing character: There is no ─ (U+2500) in font [lmmono10-regular]:!
Missing character: There is no ─ (U+2500) in font [lmmono10-regular]:!
Missing character: There is no ─ (U+2500) in font [lmmono10-regular]:!
Missing character: There is no ─ (U+2500) in font [lmmono10-regular]:!
Missing character: There is no ─ (U+2500) in font [lmmono10-regular]:!
Missing character: There is no ─ (U+2500) in font [lmmono10-regular]:!
Missing character: There is no ─ (U+2500) in font [lmmono10-regular]:!
Missing character: There is no ─ (U+2500) in font [lmmono10-regular]:!
Missing character: There is no ┐ (U+2510) in font [lmmono10-regular]:!
Missing character: There is no ┌ (U+250C) in font [lmmono10-regular]:!
Missing character: There is no ─ (U+2500) in font [lmmono10-regular]:!
Missing character: There is no ─ (U+2500) in font [lmmono10-regular]:!
Missing character: There is no ─ (U+2500) in font [lmmono10-regular]:!
Missing character: There is no ─ (U+2500) in font [lmmono10-regular]:!
Missing character: There is no ─ (U+2500) in font [lmmono10-regular]:!
Missing character: There is no ─ (U+2500) in font [lmmono10-regular]:!
Missing character: There is no ─ (U+2500) in font [lmmono10-regular]:!
Missing character: There is no ─ (U+2500) in font [lmmono10-regular]:!
Missing character: There is no ─ (U+2500) in font [lmmono10-regular]:!
Missing character: There is no ─ (U+2500) in font [lmmono10-regular]:!
Missing character: There is no ┐ (U+2510) in font [lmmono10-regular]:!
Missing character: There is no ┌ (U+250C) in font [lmmono10-regular]:!
Missing character: There is no ─ (U+2500) in font [lmmono10-regular]:!
Missing character: There is no ─ (U+2500) in font [lmmono10-regular]:!
Missing character: There is no ─ (U+2500) in font [lmmono10-regular]:!
Missing character: There is no ─ (U+2500) in font [lmmono10-regular]:!
Missing character: There is no ─ (U+2500) in font [lmmono10-regular]:!
Missing character: There is no ─ (U+2500) in font [lmmono10-regular]:!
Missing character: There is no ─ (U+2500) in font [lmmono10-regular]:!
Missing character: There is no ─ (U+2500) in font [lmmono10-regular]:!
Missing character: There is no ─ (U+2500) in font [lmmono10-regular]:!
Missing character: There is no ─ (U+2500) in font [lmmono10-regular]:!
Missing character: There is no ┐ (U+2510) in font [lmmono10-regular]:!
Missing character: There is no ┌ (U+250C) in font [lmmono10-regular]:!
Missing character: There is no ─ (U+2500) in font [lmmono10-regular]:!
Missing character: There is no ─ (U+2500) in font [lmmono10-regular]:!
Missing character: There is no ─ (U+2500) in font [lmmono10-regular]:!
Missing character: There is no ─ (U+2500) in font [lmmono10-regular]:!
Missing character: There is no ─ (U+2500) in font [lmmono10-regular]:!
Missing character: There is no ─ (U+2500) in font [lmmono10-regular]:!
Missing character: There is no ─ (U+2500) in font [lmmono10-regular]:!
Missing character: There is no ─ (U+2500) in font [lmmono10-regular]:!
Missing character: There is no ─ (U+2500) in font [lmmono10-regular]:!
Missing character: There is no ─ (U+2500) in font [lmmono10-regular]:!
Missing character: There is no ┐ (U+2510) in font [lmmono10-regular]:!
Missing character: There is no │ (U+2502) in font [lmmono10-regular]:!
Missing character: There is no │ (U+2502) in font [lmmono10-regular]:!
Missing character: There is no │ (U+2502) in font [lmmono10-regular]:!
Missing character: There is no │ (U+2502) in font [lmmono10-regular]:!
Missing character: There is no │ (U+2502) in font [lmmono10-regular]:!
Missing character: There is no │ (U+2502) in font [lmmono10-regular]:!
Missing character: There is no │ (U+2502) in font [lmmono10-regular]:!
Missing character: There is no │ (U+2502) in font [lmmono10-regular]:!
Missing character: There is no │ (U+2502) in font [lmmono10-regular]:!
Missing character: There is no │ (U+2502) in font [lmmono10-regular]:!
Missing character: There is no │ (U+2502) in font [lmmono10-regular]:!
Missing character: There is no │ (U+2502) in font [lmmono10-regular]:!
Missing character: There is no └ (U+2514) in font [lmmono10-regular]:!
Missing character: There is no ─ (U+2500) in font [lmmono10-regular]:!
Missing character: There is no ─ (U+2500) in font [lmmono10-regular]:!
Missing character: There is no ─ (U+2500) in font [lmmono10-regular]:!
Missing character: There is no ─ (U+2500) in font [lmmono10-regular]:!
Missing character: There is no ┬ (U+252C) in font [lmmono10-regular]:!
Missing character: There is no ─ (U+2500) in font [lmmono10-regular]:!
Missing character: There is no ─ (U+2500) in font [lmmono10-regular]:!
Missing character: There is no ─ (U+2500) in font [lmmono10-regular]:!
Missing character: There is no ─ (U+2500) in font [lmmono10-regular]:!
Missing character: There is no ─ (U+2500) in font [lmmono10-regular]:!
Missing character: There is no ┘ (U+2518) in font [lmmono10-regular]:!
Missing character: There is no └ (U+2514) in font [lmmono10-regular]:!
Missing character: There is no ─ (U+2500) in font [lmmono10-regular]:!
Missing character: There is no ─ (U+2500) in font [lmmono10-regular]:!
Missing character: There is no ─ (U+2500) in font [lmmono10-regular]:!
Missing character: There is no ─ (U+2500) in font [lmmono10-regular]:!
Missing character: There is no ┬ (U+252C) in font [lmmono10-regular]:!
Missing character: There is no ─ (U+2500) in font [lmmono10-regular]:!
Missing character: There is no ─ (U+2500) in font [lmmono10-regular]:!
Missing character: There is no ─ (U+2500) in font [lmmono10-regular]:!
Missing character: There is no ─ (U+2500) in font [lmmono10-regular]:!
Missing character: There is no ─ (U+2500) in font [lmmono10-regular]:!
Missing character: There is no ┘ (U+2518) in font [lmmono10-regular]:!
Missing character: There is no └ (U+2514) in font [lmmono10-regular]:!
Missing character: There is no ─ (U+2500) in font [lmmono10-regular]:!
Missing character: There is no ─ (U+2500) in font [lmmono10-regular]:!
Missing character: There is no ─ (U+2500) in font [lmmono10-regular]:!
Missing character: There is no ─ (U+2500) in font [lmmono10-regular]:!
Missing character: There is no ┬ (U+252C) in font [lmmono10-regular]:!
Missing character: There is no ─ (U+2500) in font [lmmono10-regular]:!
Missing character: There is no ─ (U+2500) in font [lmmono10-regular]:!
Missing character: There is no ─ (U+2500) in font [lmmono10-regular]:!
Missing character: There is no ─ (U+2500) in font [lmmono10-regular]:!
Missing character: There is no ─ (U+2500) in font [lmmono10-regular]:!
Missing character: There is no ┘ (U+2518) in font [lmmono10-regular]:!
Missing character: There is no └ (U+2514) in font [lmmono10-regular]:!
Missing character: There is no ─ (U+2500) in font [lmmono10-regular]:!
Missing character: There is no ─ (U+2500) in font [lmmono10-regular]:!
Missing character: There is no ─ (U+2500) in font [lmmono10-regular]:!
Missing character: There is no ─ (U+2500) in font [lmmono10-regular]:!
Missing character: There is no ┬ (U+252C) in font [lmmono10-regular]:!
Missing character: There is no ─ (U+2500) in font [lmmono10-regular]:!
Missing character: There is no ─ (U+2500) in font [lmmono10-regular]:!
Missing character: There is no ─ (U+2500) in font [lmmono10-regular]:!
Missing character: There is no ─ (U+2500) in font [lmmono10-regular]:!
Missing character: There is no ─ (U+2500) in font [lmmono10-regular]:!
Missing character: There is no ┘ (U+2518) in font [lmmono10-regular]:!
Missing character: There is no └ (U+2514) in font [lmmono10-regular]:!
Missing character: There is no ─ (U+2500) in font [lmmono10-regular]:!
Missing character: There is no ─ (U+2500) in font [lmmono10-regular]:!
Missing character: There is no ─ (U+2500) in font [lmmono10-regular]:!
Missing character: There is no ─ (U+2500) in font [lmmono10-regular]:!
Missing character: There is no ┬ (U+252C) in font [lmmono10-regular]:!
Missing character: There is no ─ (U+2500) in font [lmmono10-regular]:!
Missing character: There is no ─ (U+2500) in font [lmmono10-regular]:!
Missing character: There is no ─ (U+2500) in font [lmmono10-regular]:!
Missing character: There is no ─ (U+2500) in font [lmmono10-regular]:!
Missing character: There is no ─ (U+2500) in font [lmmono10-regular]:!
Missing character: There is no ┘ (U+2518) in font [lmmono10-regular]:!
Missing character: There is no └ (U+2514) in font [lmmono10-regular]:!
Missing character: There is no ─ (U+2500) in font [lmmono10-regular]:!
Missing character: There is no ─ (U+2500) in font [lmmono10-regular]:!
Missing character: There is no ─ (U+2500) in font [lmmono10-regular]:!
Missing character: There is no ─ (U+2500) in font [lmmono10-regular]:!
Missing character: There is no ┬ (U+252C) in font [lmmono10-regular]:!
Missing character: There is no ─ (U+2500) in font [lmmono10-regular]:!
Missing character: There is no ─ (U+2500) in font [lmmono10-regular]:!
Missing character: There is no ─ (U+2500) in font [lmmono10-regular]:!
Missing character: There is no ─ (U+2500) in font [lmmono10-regular]:!
Missing character: There is no ─ (U+2500) in font [lmmono10-regular]:!
Missing character: There is no ┘ (U+2518) in font [lmmono10-regular]:!
Missing character: There is no ┌ (U+250C) in font [lmmono10-regular]:!
Missing character: There is no ─ (U+2500) in font [lmmono10-regular]:!
Missing character: There is no ─ (U+2500) in font [lmmono10-regular]:!
Missing character: There is no ─ (U+2500) in font [lmmono10-regular]:!
Missing character: There is no ┼ (U+253C) in font [lmmono10-regular]:!
Missing character: There is no ─ (U+2500) in font [lmmono10-regular]:!
Missing character: There is no ─ (U+2500) in font [lmmono10-regular]:!
Missing character: There is no ─ (U+2500) in font [lmmono10-regular]:!
Missing character: There is no ┐ (U+2510) in font [lmmono10-regular]:!
Missing character: There is no ┌ (U+250C) in font [lmmono10-regular]:!
Missing character: There is no ─ (U+2500) in font [lmmono10-regular]:!
Missing character: There is no ─ (U+2500) in font [lmmono10-regular]:!
Missing character: There is no ─ (U+2500) in font [lmmono10-regular]:!
Missing character: There is no ┼ (U+253C) in font [lmmono10-regular]:!
Missing character: There is no ─ (U+2500) in font [lmmono10-regular]:!
Missing character: There is no ─ (U+2500) in font [lmmono10-regular]:!
Missing character: There is no ─ (U+2500) in font [lmmono10-regular]:!
Missing character: There is no ┐ (U+2510) in font [lmmono10-regular]:!
Missing character: There is no ┌ (U+250C) in font [lmmono10-regular]:!
Missing character: There is no ─ (U+2500) in font [lmmono10-regular]:!
Missing character: There is no ─ (U+2500) in font [lmmono10-regular]:!
Missing character: There is no ─ (U+2500) in font [lmmono10-regular]:!
Missing character: There is no ┼ (U+253C) in font [lmmono10-regular]:!
Missing character: There is no ─ (U+2500) in font [lmmono10-regular]:!
Missing character: There is no ─ (U+2500) in font [lmmono10-regular]:!
Missing character: There is no ─ (U+2500) in font [lmmono10-regular]:!
Missing character: There is no ┐ (U+2510) in font [lmmono10-regular]:!
Missing character: There is no ┌ (U+250C) in font [lmmono10-regular]:!
Missing character: There is no ─ (U+2500) in font [lmmono10-regular]:!
Missing character: There is no ─ (U+2500) in font [lmmono10-regular]:!
Missing character: There is no ─ (U+2500) in font [lmmono10-regular]:!
Missing character: There is no ┼ (U+253C) in font [lmmono10-regular]:!
Missing character: There is no ─ (U+2500) in font [lmmono10-regular]:!
Missing character: There is no ─ (U+2500) in font [lmmono10-regular]:!
Missing character: There is no ─ (U+2500) in font [lmmono10-regular]:!
Missing character: There is no ┐ (U+2510) in font [lmmono10-regular]:!
Missing character: There is no ┌ (U+250C) in font [lmmono10-regular]:!
Missing character: There is no ─ (U+2500) in font [lmmono10-regular]:!
Missing character: There is no ─ (U+2500) in font [lmmono10-regular]:!
Missing character: There is no ─ (U+2500) in font [lmmono10-regular]:!
Missing character: There is no ┼ (U+253C) in font [lmmono10-regular]:!
Missing character: There is no ─ (U+2500) in font [lmmono10-regular]:!
Missing character: There is no ─ (U+2500) in font [lmmono10-regular]:!
Missing character: There is no ─ (U+2500) in font [lmmono10-regular]:!
Missing character: There is no ┐ (U+2510) in font [lmmono10-regular]:!
Missing character: There is no ┌ (U+250C) in font [lmmono10-regular]:!
Missing character: There is no ─ (U+2500) in font [lmmono10-regular]:!
Missing character: There is no ─ (U+2500) in font [lmmono10-regular]:!
Missing character: There is no ─ (U+2500) in font [lmmono10-regular]:!
Missing character: There is no ┼ (U+253C) in font [lmmono10-regular]:!
Missing character: There is no ─ (U+2500) in font [lmmono10-regular]:!
Missing character: There is no ─ (U+2500) in font [lmmono10-regular]:!
Missing character: There is no ─ (U+2500) in font [lmmono10-regular]:!
Missing character: There is no ┐ (U+2510) in font [lmmono10-regular]:!
Missing character: There is no ▼ (U+25BC) in font [lmmono10-regular]:!
Missing character: There is no ▼ (U+25BC) in font [lmmono10-regular]:!
Missing character: There is no ▼ (U+25BC) in font [lmmono10-regular]:!
Missing character: There is no ▼ (U+25BC) in font [lmmono10-regular]:!
Missing character: There is no ▼ (U+25BC) in font [lmmono10-regular]:!
Missing character: There is no ▼ (U+25BC) in font [lmmono10-regular]:!
Missing character: There is no ▼ (U+25BC) in font [lmmono10-regular]:!
Missing character: There is no ▼ (U+25BC) in font [lmmono10-regular]:!
Missing character: There is no ▼ (U+25BC) in font [lmmono10-regular]:!
Missing character: There is no ▼ (U+25BC) in font [lmmono10-regular]:!
Missing character: There is no ▼ (U+25BC) in font [lmmono10-regular]:!
Missing character: There is no ▼ (U+25BC) in font [lmmono10-regular]:!
Missing character: There is no ▼ (U+25BC) in font [lmmono10-regular]:!
Missing character: There is no ▼ (U+25BC) in font [lmmono10-regular]:!
Missing character: There is no ▼ (U+25BC) in font [lmmono10-regular]:!
Missing character: There is no ▼ (U+25BC) in font [lmmono10-regular]:!
Missing character: There is no ▼ (U+25BC) in font [lmmono10-regular]:!
Missing character: There is no ▼ (U+25BC) in font [lmmono10-regular]:!
[96
Missing character: There is no ┌ (U+250C) in font [lmmono10-regular]:!
Missing character: There is no ─ (U+2500) in font [lmmono10-regular]:!
Missing character: There is no ─ (U+2500) in font [lmmono10-regular]:!
Missing character: There is no ─ (U+2500) in font [lmmono10-regular]:!
Missing character: There is no ─ (U+2500) in font [lmmono10-regular]:!
Missing character: There is no ─ (U+2500) in font [lmmono10-regular]:!
Missing character: There is no ─ (U+2500) in font [lmmono10-regular]:!
Missing character: There is no ─ (U+2500) in font [lmmono10-regular]:!
Missing character: There is no ─ (U+2500) in font [lmmono10-regular]:!
Missing character: There is no ─ (U+2500) in font [lmmono10-regular]:!
Missing character: There is no ─ (U+2500) in font [lmmono10-regular]:!
Missing character: There is no ─ (U+2500) in font [lmmono10-regular]:!
Missing character: There is no ─ (U+2500) in font [lmmono10-regular]:!
Missing character: There is no ┐ (U+2510) in font [lmmono10-regular]:!
Missing character: There is no │ (U+2502) in font [lmmono10-regular]:!
Missing character: There is no │ (U+2502) in font [lmmono10-regular]:!
Missing character: There is no └ (U+2514) in font [lmmono10-regular]:!
Missing character: There is no ─ (U+2500) in font [lmmono10-regular]:!
Missing character: There is no ─ (U+2500) in font [lmmono10-regular]:!
Missing character: There is no ─ (U+2500) in font [lmmono10-regular]:!
Missing character: There is no ─ (U+2500) in font [lmmono10-regular]:!
Missing character: There is no ─ (U+2500) in font [lmmono10-regular]:!
Missing character: There is no ┬ (U+252C) in font [lmmono10-regular]:!
Missing character: There is no ─ (U+2500) in font [lmmono10-regular]:!
Missing character: There is no ─ (U+2500) in font [lmmono10-regular]:!
Missing character: There is no ─ (U+2500) in font [lmmono10-regular]:!
Missing character: There is no ─ (U+2500) in font [lmmono10-regular]:!
Missing character: There is no ─ (U+2500) in font [lmmono10-regular]:!
Missing character: There is no ─ (U+2500) in font [lmmono10-regular]:!
Missing character: There is no ┘ (U+2518) in font [lmmono10-regular]:!
Missing character: There is no ┌ (U+250C) in font [lmmono10-regular]:!
Missing character: There is no ─ (U+2500) in font [lmmono10-regular]:!
Missing character: There is no ─ (U+2500) in font [lmmono10-regular]:!
Missing character: There is no ─ (U+2500) in font [lmmono10-regular]:!
Missing character: There is no ─ (U+2500) in font [lmmono10-regular]:!
Missing character: There is no ─ (U+2500) in font [lmmono10-regular]:!
Missing character: There is no ─ (U+2500) in font [lmmono10-regular]:!
Missing character: There is no ─ (U+2500) in font [lmmono10-regular]:!
Missing character: There is no ─ (U+2500) in font [lmmono10-regular]:!
Missing character: There is no ─ (U+2500) in font [lmmono10-regular]:!
Missing character: There is no ─ (U+2500) in font [lmmono10-regular]:!
Missing character: There is no ─ (U+2500) in font [lmmono10-regular]:!
Missing character: There is no ┼ (U+253C) in font [lmmono10-regular]:!
Missing character: There is no ─ (U+2500) in font [lmmono10-regular]:!
Missing character: There is no ─ (U+2500) in font [lmmono10-regular]:!
Missing character: There is no ─ (U+2500) in font [lmmono10-regular]:!
Missing character: There is no ─ (U+2500) in font [lmmono10-regular]:!
Missing character: There is no ─ (U+2500) in font [lmmono10-regular]:!
Missing character: There is no ─ (U+2500) in font [lmmono10-regular]:!
Missing character: There is no ─ (U+2500) in font [lmmono10-regular]:!
Missing character: There is no ─ (U+2500) in font [lmmono10-regular]:!
Missing character: There is no ─ (U+2500) in font [lmmono10-regular]:!
Missing character: There is no ─ (U+2500) in font [lmmono10-regular]:!
Missing character: There is no ─ (U+2500) in font [lmmono10-regular]:!
Missing character: There is no ┐ (U+2510) in font [lmmono10-regular]:!
Missing character: There is no ▼ (U+25BC) in font [lmmono10-regular]:!
Missing character: There is no ▼ (U+25BC) in font [lmmono10-regular]:!
Missing character: There is no ▼ (U+25BC) in font [lmmono10-regular]:!
Missing character: There is no ┌ (U+250C) in font [lmmono10-regular]:!
Missing character: There is no ─ (U+2500) in font [lmmono10-regular]:!
Missing character: There is no ─ (U+2500) in font [lmmono10-regular]:!
Missing character: There is no ─ (U+2500) in font [lmmono10-regular]:!
Missing character: There is no ─ (U+2500) in font [lmmono10-regular]:!
Missing character: There is no ─ (U+2500) in font [lmmono10-regular]:!
Missing character: There is no ─ (U+2500) in font [lmmono10-regular]:!
Missing character: There is no ─ (U+2500) in font [lmmono10-regular]:!
Missing character: There is no ─ (U+2500) in font [lmmono10-regular]:!
Missing character: There is no ─ (U+2500) in font [lmmono10-regular]:!
Missing character: There is no ─ (U+2500) in font [lmmono10-regular]:!
Missing character: There is no ┐ (U+2510) in font [lmmono10-regular]:!
Missing character: There is no ┌ (U+250C) in font [lmmono10-regular]:!
Missing character: There is no ─ (U+2500) in font [lmmono10-regular]:!
Missing character: There is no ─ (U+2500) in font [lmmono10-regular]:!
Missing character: There is no ─ (U+2500) in font [lmmono10-regular]:!
Missing character: There is no ─ (U+2500) in font [lmmono10-regular]:!
Missing character: There is no ─ (U+2500) in font [lmmono10-regular]:!
Missing character: There is no ─ (U+2500) in font [lmmono10-regular]:!
Missing character: There is no ─ (U+2500) in font [lmmono10-regular]:!
Missing character: There is no ─ (U+2500) in font [lmmono10-regular]:!
Missing character: There is no ─ (U+2500) in font [lmmono10-regular]:!
Missing character: There is no ─ (U+2500) in font [lmmono10-regular]:!
Missing character: There is no ┐ (U+2510) in font [lmmono10-regular]:!
Missing character: There is no ┌ (U+250C) in font [lmmono10-regular]:!
Missing character: There is no ─ (U+2500) in font [lmmono10-regular]:!
Missing character: There is no ─ (U+2500) in font [lmmono10-regular]:!
Missing character: There is no ─ (U+2500) in font [lmmono10-regular]:!
Missing character: There is no ─ (U+2500) in font [lmmono10-regular]:!
Missing character: There is no ─ (U+2500) in font [lmmono10-regular]:!
Missing character: There is no ─ (U+2500) in font [lmmono10-regular]:!
Missing character: There is no ─ (U+2500) in font [lmmono10-regular]:!
Missing character: There is no ─ (U+2500) in font [lmmono10-regular]:!
Missing character: There is no ─ (U+2500) in font [lmmono10-regular]:!
Missing character: There is no ─ (U+2500) in font [lmmono10-regular]:!
Missing character: There is no ┐ (U+2510) in font [lmmono10-regular]:!
Missing character: There is no │ (U+2502) in font [lmmono10-regular]:!
Missing character: There is no │ (U+2502) in font [lmmono10-regular]:!
Missing character: There is no │ (U+2502) in font [lmmono10-regular]:!
Missing character: There is no │ (U+2502) in font [lmmono10-regular]:!
Missing character: There is no │ (U+2502) in font [lmmono10-regular]:!
Missing character: There is no │ (U+2502) in font [lmmono10-regular]:!
Missing character: There is no └ (U+2514) in font [lmmono10-regular]:!
Missing character: There is no ─ (U+2500) in font [lmmono10-regular]:!
Missing character: There is no ─ (U+2500) in font [lmmono10-regular]:!
Missing character: There is no ─ (U+2500) in font [lmmono10-regular]:!
Missing character: There is no ─ (U+2500) in font [lmmono10-regular]:!
Missing character: There is no ┬ (U+252C) in font [lmmono10-regular]:!
Missing character: There is no ─ (U+2500) in font [lmmono10-regular]:!
Missing character: There is no ─ (U+2500) in font [lmmono10-regular]:!
Missing character: There is no ─ (U+2500) in font [lmmono10-regular]:!
Missing character: There is no ─ (U+2500) in font [lmmono10-regular]:!
Missing character: There is no ─ (U+2500) in font [lmmono10-regular]:!
Missing character: There is no ┘ (U+2518) in font [lmmono10-regular]:!
Missing character: There is no └ (U+2514) in font [lmmono10-regular]:!
Missing character: There is no ─ (U+2500) in font [lmmono10-regular]:!
Missing character: There is no ─ (U+2500) in font [lmmono10-regular]:!
Missing character: There is no ─ (U+2500) in font [lmmono10-regular]:!
Missing character: There is no ─ (U+2500) in font [lmmono10-regular]:!
Missing character: There is no ┬ (U+252C) in font [lmmono10-regular]:!
Missing character: There is no ─ (U+2500) in font [lmmono10-regular]:!
Missing character: There is no ─ (U+2500) in font [lmmono10-regular]:!
Missing character: There is no ─ (U+2500) in font [lmmono10-regular]:!
Missing character: There is no ─ (U+2500) in font [lmmono10-regular]:!
Missing character: There is no ─ (U+2500) in font [lmmono10-regular]:!
Missing character: There is no ┘ (U+2518) in font [lmmono10-regular]:!
Missing character: There is no └ (U+2514) in font [lmmono10-regular]:!
Missing character: There is no ─ (U+2500) in font [lmmono10-regular]:!
Missing character: There is no ─ (U+2500) in font [lmmono10-regular]:!
Missing character: There is no ─ (U+2500) in font [lmmono10-regular]:!
Missing character: There is no ─ (U+2500) in font [lmmono10-regular]:!
Missing character: There is no ┬ (U+252C) in font [lmmono10-regular]:!
Missing character: There is no ─ (U+2500) in font [lmmono10-regular]:!
Missing character: There is no ─ (U+2500) in font [lmmono10-regular]:!
Missing character: There is no ─ (U+2500) in font [lmmono10-regular]:!
Missing character: There is no ─ (U+2500) in font [lmmono10-regular]:!
Missing character: There is no ─ (U+2500) in font [lmmono10-regular]:!
Missing character: There is no ┘ (U+2518) in font [lmmono10-regular]:!
Missing character: There is no ┌ (U+250C) in font [lmmono10-regular]:!
Missing character: There is no ─ (U+2500) in font [lmmono10-regular]:!
Missing character: There is no ─ (U+2500) in font [lmmono10-regular]:!
Missing character: There is no ─ (U+2500) in font [lmmono10-regular]:!
Missing character: There is no ┼ (U+253C) in font [lmmono10-regular]:!
Missing character: There is no ─ (U+2500) in font [lmmono10-regular]:!
Missing character: There is no ─ (U+2500) in font [lmmono10-regular]:!
Missing character: There is no ─ (U+2500) in font [lmmono10-regular]:!
Missing character: There is no ┐ (U+2510) in font [lmmono10-regular]:!
Missing character: There is no ┌ (U+250C) in font [lmmono10-regular]:!
Missing character: There is no ─ (U+2500) in font [lmmono10-regular]:!
Missing character: There is no ─ (U+2500) in font [lmmono10-regular]:!
Missing character: There is no ─ (U+2500) in font [lmmono10-regular]:!
Missing character: There is no ┼ (U+253C) in font [lmmono10-regular]:!
Missing character: There is no ─ (U+2500) in font [lmmono10-regular]:!
Missing character: There is no ─ (U+2500) in font [lmmono10-regular]:!
Missing character: There is no ─ (U+2500) in font [lmmono10-regular]:!
Missing character: There is no ┐ (U+2510) in font [lmmono10-regular]:!
Missing character: There is no ┌ (U+250C) in font [lmmono10-regular]:!
Missing character: There is no ─ (U+2500) in font [lmmono10-regular]:!
Missing character: There is no ─ (U+2500) in font [lmmono10-regular]:!
Missing character: There is no ─ (U+2500) in font [lmmono10-regular]:!
Missing character: There is no ┼ (U+253C) in font [lmmono10-regular]:!
Missing character: There is no ─ (U+2500) in font [lmmono10-regular]:!
Missing character: There is no ─ (U+2500) in font [lmmono10-regular]:!
Missing character: There is no ─ (U+2500) in font [lmmono10-regular]:!
Missing character: There is no ┐ (U+2510) in font [lmmono10-regular]:!
Missing character: There is no ▼ (U+25BC) in font [lmmono10-regular]:!
Missing character: There is no ▼ (U+25BC) in font [lmmono10-regular]:!
Missing character: There is no ▼ (U+25BC) in font [lmmono10-regular]:!
Missing character: There is no ▼ (U+25BC) in font [lmmono10-regular]:!
Missing character: There is no ▼ (U+25BC) in font [lmmono10-regular]:!
Missing character: There is no ▼ (U+25BC) in font [lmmono10-regular]:!
Missing character: There is no ▼ (U+25BC) in font [lmmono10-regular]:!
Missing character: There is no ▼ (U+25BC) in font [lmmono10-regular]:!
Missing character: There is no ▼ (U+25BC) in font [lmmono10-regular]:!
] [97]
Overfull \hbox (3.72298pt too wide) in paragraph at lines 8696--8703
[]\TU/lmtt/m/n/10 InMemoryReportingNetwork \TU/lmr/m/n/10 has the same struc-ture as its gos-sip coun-ter-part: \TU/lmtt/m/n/10 Arc<Mutex<NetworkInner>>
 []

[98]
Overfull \hbox (1.92386pt too wide) in paragraph at lines 8817--8832
[]\TU/lmr/m/n/10 One more de-tail in that event loop, easy to miss and ex-pen-sive to get wrong. \TU/lmtt/m/n/10 watch::Receiver::changed()
 []

[99] [100]
Overfull \hbox (23.7357pt too wide) in paragraph at lines 8982--8995
\TU/lmr/m/n/10 The ac-cep-tance test for all of this (\TU/lmtt/m/n/10 tests/cluster_failover.rs\TU/lmr/m/n/10 , gated be-hind \TU/lmtt/m/n/10 RELIABURGER_CLUSTER_TESTS=1
 []

Missing character: There is no │ (U+2502) in font [lmmono10-regular]:!
Missing character: There is no │ (U+2502) in font [lmmono10-regular]:!
Missing character: There is no ▼ (U+25BC) in font [lmmono10-regular]:!
Missing character: There is no ▼ (U+25BC) in font [lmmono10-regular]:!
Missing character: There is no ┌ (U+250C) in font [lmmono10-regular]:!
Missing character: There is no ─ (U+2500) in font [lmmono10-regular]:!
Missing character: There is no ─ (U+2500) in font [lmmono10-regular]:!
Missing character: There is no ─ (U+2500) in font [lmmono10-regular]:!
Missing character: There is no ─ (U+2500) in font [lmmono10-regular]:!
Missing character: There is no ─ (U+2500) in font [lmmono10-regular]:!
Missing character: There is no ─ (U+2500) in font [lmmono10-regular]:!
Missing character: There is no ─ (U+2500) in font [lmmono10-regular]:!
Missing character: There is no ─ (U+2500) in font [lmmono10-regular]:!
Missing character: There is no ─ (U+2500) in font [lmmono10-regular]:!
Missing character: There is no ─ (U+2500) in font [lmmono10-regular]:!
Missing character: There is no ─ (U+2500) in font [lmmono10-regular]:!
Missing character: There is no ─ (U+2500) in font [lmmono10-regular]:!
Missing character: There is no ─ (U+2500) in font [lmmono10-regular]:!
Missing character: There is no ─ (U+2500) in font [lmmono10-regular]:!
Missing character: There is no ─ (U+2500) in font [lmmono10-regular]:!
Missing character: There is no ┐ (U+2510) in font [lmmono10-regular]:!
Missing character: There is no ┌ (U+250C) in font [lmmono10-regular]:!
Missing character: There is no ─ (U+2500) in font [lmmono10-regular]:!
Missing character: There is no ─ (U+2500) in font [lmmono10-regular]:!
Missing character: There is no ─ (U+2500) in font [lmmono10-regular]:!
Missing character: There is no ─ (U+2500) in font [lmmono10-regular]:!
Missing character: There is no ─ (U+2500) in font [lmmono10-regular]:!
Missing character: There is no ─ (U+2500) in font [lmmono10-regular]:!
Missing character: There is no ─ (U+2500) in font [lmmono10-regular]:!
Missing character: There is no ─ (U+2500) in font [lmmono10-regular]:!
Missing character: There is no ─ (U+2500) in font [lmmono10-regular]:!
Missing character: There is no ─ (U+2500) in font [lmmono10-regular]:!
Missing character: There is no ─ (U+2500) in font [lmmono10-regular]:!
Missing character: There is no ─ (U+2500) in font [lmmono10-regular]:!
Missing character: There is no ─ (U+2500) in font [lmmono10-regular]:!
Missing character: There is no ─ (U+2500) in font [lmmono10-regular]:!
Missing character: There is no ─ (U+2500) in font [lmmono10-regular]:!
Missing character: There is no ┐ (U+2510) in font [lmmono10-regular]:!
Missing character: There is no │ (U+2502) in font [lmmono10-regular]:!
Missing character: There is no │ (U+2502) in font [lmmono10-regular]:!
Missing character: There is no │ (U+2502) in font [lmmono10-regular]:!
Missing character: There is no │ (U+2502) in font [lmmono10-regular]:!
Missing character: There is no └ (U+2514) in font [lmmono10-regular]:!
Missing character: There is no ─ (U+2500) in font [lmmono10-regular]:!
Missing character: There is no ─ (U+2500) in font [lmmono10-regular]:!
Missing character: There is no ─ (U+2500) in font [lmmono10-regular]:!
Missing character: There is no ─ (U+2500) in font [lmmono10-regular]:!
Missing character: There is no ─ (U+2500) in font [lmmono10-regular]:!
Missing character: There is no ─ (U+2500) in font [lmmono10-regular]:!
Missing character: There is no ─ (U+2500) in font [lmmono10-regular]:!
Missing character: There is no ┬ (U+252C) in font [lmmono10-regular]:!
Missing character: There is no ─ (U+2500) in font [lmmono10-regular]:!
Missing character: There is no ─ (U+2500) in font [lmmono10-regular]:!
Missing character: There is no ─ (U+2500) in font [lmmono10-regular]:!
Missing character: There is no ─ (U+2500) in font [lmmono10-regular]:!
Missing character: There is no ─ (U+2500) in font [lmmono10-regular]:!
Missing character: There is no ─ (U+2500) in font [lmmono10-regular]:!
Missing character: There is no ─ (U+2500) in font [lmmono10-regular]:!
Missing character: There is no ┘ (U+2518) in font [lmmono10-regular]:!
Missing character: There is no └ (U+2514) in font [lmmono10-regular]:!
Missing character: There is no ─ (U+2500) in font [lmmono10-regular]:!
Missing character: There is no ─ (U+2500) in font [lmmono10-regular]:!
Missing character: There is no ─ (U+2500) in font [lmmono10-regular]:!
Missing character: There is no ─ (U+2500) in font [lmmono10-regular]:!
Missing character: There is no ─ (U+2500) in font [lmmono10-regular]:!
Missing character: There is no ─ (U+2500) in font [lmmono10-regular]:!
Missing character: There is no ─ (U+2500) in font [lmmono10-regular]:!
Missing character: There is no ┬ (U+252C) in font [lmmono10-regular]:!
Missing character: There is no ─ (U+2500) in font [lmmono10-regular]:!
Missing character: There is no ─ (U+2500) in font [lmmono10-regular]:!
Missing character: There is no ─ (U+2500) in font [lmmono10-regular]:!
Missing character: There is no ─ (U+2500) in font [lmmono10-regular]:!
Missing character: There is no ─ (U+2500) in font [lmmono10-regular]:!
Missing character: There is no ─ (U+2500) in font [lmmono10-regular]:!
Missing character: There is no ─ (U+2500) in font [lmmono10-regular]:!
Missing character: There is no ┘ (U+2518) in font [lmmono10-regular]:!
Missing character: There is no ▼ (U+25BC) in font [lmmono10-regular]:!
Missing character: There is no ▼ (U+25BC) in font [lmmono10-regular]:!
Missing character: There is no ┌ (U+250C) in font [lmmono10-regular]:!
Missing character: There is no ─ (U+2500) in font [lmmono10-regular]:!
Missing character: There is no ─ (U+2500) in font [lmmono10-regular]:!
Missing character: There is no ─ (U+2500) in font [lmmono10-regular]:!
Missing character: There is no ─ (U+2500) in font [lmmono10-regular]:!
Missing character: There is no ─ (U+2500) in font [lmmono10-regular]:!
Missing character: There is no ─ (U+2500) in font [lmmono10-regular]:!
Missing character: There is no ─ (U+2500) in font [lmmono10-regular]:!
Missing character: There is no ─ (U+2500) in font [lmmono10-regular]:!
Missing character: There is no ─ (U+2500) in font [lmmono10-regular]:!
Missing character: There is no ─ (U+2500) in font [lmmono10-regular]:!
Missing character: There is no ─ (U+2500) in font [lmmono10-regular]:!
Missing character: There is no ─ (U+2500) in font [lmmono10-regular]:!
Missing character: There is no ─ (U+2500) in font [lmmono10-regular]:!
Missing character: There is no ─ (U+2500) in font [lmmono10-regular]:!
Missing character: There is no ─ (U+2500) in font [lmmono10-regular]:!
Missing character: There is no ┐ (U+2510) in font [lmmono10-regular]:!
Missing character: There is no ┌ (U+250C) in font [lmmono10-regular]:!
Missing character: There is no ─ (U+2500) in font [lmmono10-regular]:!
Missing character: There is no ─ (U+2500) in font [lmmono10-regular]:!
Missing character: There is no ─ (U+2500) in font [lmmono10-regular]:!
Missing character: There is no ─ (U+2500) in font [lmmono10-regular]:!
Missing character: There is no ─ (U+2500) in font [lmmono10-regular]:!
Missing character: There is no ─ (U+2500) in font [lmmono10-regular]:!
Missing character: There is no ─ (U+2500) in font [lmmono10-regular]:!
Missing character: There is no ─ (U+2500) in font [lmmono10-regular]:!
Missing character: There is no ─ (U+2500) in font [lmmono10-regular]:!
Missing character: There is no ─ (U+2500) in font [lmmono10-regular]:!
Missing character: There is no ─ (U+2500) in font [lmmono10-regular]:!
Missing character: There is no ─ (U+2500) in font [lmmono10-regular]:!
Missing character: There is no ─ (U+2500) in font [lmmono10-regular]:!
Missing character: There is no ─ (U+2500) in font [lmmono10-regular]:!
Missing character: There is no ─ (U+2500) in font [lmmono10-regular]:!
Missing character: There is no ┐ (U+2510) in font [lmmono10-regular]:!
Missing character: There is no │ (U+2502) in font [lmmono10-regular]:!
Missing character: There is no │ (U+2502) in font [lmmono10-regular]:!
Missing character: There is no │ (U+2502) in font [lmmono10-regular]:!
Missing character: There is no │ (U+2502) in font [lmmono10-regular]:!
Missing character: There is no │ (U+2502) in font [lmmono10-regular]:!
Missing character: There is no │ (U+2502) in font [lmmono10-regular]:!
Missing character: There is no │ (U+2502) in font [lmmono10-regular]:!
Missing character: There is no │ (U+2502) in font [lmmono10-regular]:!
Missing character: There is no │ (U+2502) in font [lmmono10-regular]:!
Missing character: There is no │ (U+2502) in font [lmmono10-regular]:!
Missing character: There is no │ (U+2502) in font [lmmono10-regular]:!
Missing character: There is no │ (U+2502) in font [lmmono10-regular]:!
Missing character: There is no └ (U+2514) in font [lmmono10-regular]:!
Missing character: There is no ─ (U+2500) in font [lmmono10-regular]:!
Missing character: There is no ─ (U+2500) in font [lmmono10-regular]:!
Missing character: There is no ─ (U+2500) in font [lmmono10-regular]:!
Missing character: There is no ─ (U+2500) in font [lmmono10-regular]:!
Missing character: There is no ─ (U+2500) in font [lmmono10-regular]:!
Missing character: There is no ─ (U+2500) in font [lmmono10-regular]:!
Missing character: There is no ─ (U+2500) in font [lmmono10-regular]:!
Missing character: There is no ┬ (U+252C) in font [lmmono10-regular]:!
Missing character: There is no ─ (U+2500) in font [lmmono10-regular]:!
Missing character: There is no ─ (U+2500) in font [lmmono10-regular]:!
Missing character: There is no ─ (U+2500) in font [lmmono10-regular]:!
Missing character: There is no ─ (U+2500) in font [lmmono10-regular]:!
Missing character: There is no ─ (U+2500) in font [lmmono10-regular]:!
Missing character: There is no ─ (U+2500) in font [lmmono10-regular]:!
Missing character: There is no ─ (U+2500) in font [lmmono10-regular]:!
Missing character: There is no ┘ (U+2518) in font [lmmono10-regular]:!
Missing character: There is no └ (U+2514) in font [lmmono10-regular]:!
Missing character: There is no ─ (U+2500) in font [lmmono10-regular]:!
Missing character: There is no ─ (U+2500) in font [lmmono10-regular]:!
Missing character: There is no ─ (U+2500) in font [lmmono10-regular]:!
Missing character: There is no ─ (U+2500) in font [lmmono10-regular]:!
Missing character: There is no ─ (U+2500) in font [lmmono10-regular]:!
Missing character: There is no ─ (U+2500) in font [lmmono10-regular]:!
Missing character: There is no ─ (U+2500) in font [lmmono10-regular]:!
Missing character: There is no ┬ (U+252C) in font [lmmono10-regular]:!
Missing character: There is no ─ (U+2500) in font [lmmono10-regular]:!
Missing character: There is no ─ (U+2500) in font [lmmono10-regular]:!
Missing character: There is no ─ (U+2500) in font [lmmono10-regular]:!
Missing character: There is no ─ (U+2500) in font [lmmono10-regular]:!
Missing character: There is no ─ (U+2500) in font [lmmono10-regular]:!
Missing character: There is no ─ (U+2500) in font [lmmono10-regular]:!
Missing character: There is no ─ (U+2500) in font [lmmono10-regular]:!
Missing character: There is no ┘ (U+2518) in font [lmmono10-regular]:!
[101
Missing character: There is no │ (U+2502) in font [lmmono10-regular]:!
Missing character: There is no ▼ (U+25BC) in font [lmmono10-regular]:!
Missing character: There is no ┌ (U+250C) in font [lmmono10-regular]:!
Missing character: There is no ─ (U+2500) in font [lmmono10-regular]:!
Missing character: There is no ─ (U+2500) in font [lmmono10-regular]:!
Missing character: There is no ─ (U+2500) in font [lmmono10-regular]:!
Missing character: There is no ─ (U+2500) in font [lmmono10-regular]:!
Missing character: There is no ─ (U+2500) in font [lmmono10-regular]:!
Missing character: There is no ─ (U+2500) in font [lmmono10-regular]:!
Missing character: There is no ─ (U+2500) in font [lmmono10-regular]:!
Missing character: There is no ─ (U+2500) in font [lmmono10-regular]:!
Missing character: There is no ─ (U+2500) in font [lmmono10-regular]:!
Missing character: There is no ─ (U+2500) in font [lmmono10-regular]:!
Missing character: There is no ─ (U+2500) in font [lmmono10-regular]:!
Missing character: There is no ─ (U+2500) in font [lmmono10-regular]:!
Missing character: There is no ─ (U+2500) in font [lmmono10-regular]:!
Missing character: There is no ─ (U+2500) in font [lmmono10-regular]:!
Missing character: There is no ─ (U+2500) in font [lmmono10-regular]:!
Missing character: There is no ┐ (U+2510) in font [lmmono10-regular]:!
Missing character: There is no │ (U+2502) in font [lmmono10-regular]:!
Missing character: There is no │ (U+2502) in font [lmmono10-regular]:!
Missing character: There is no └ (U+2514) in font [lmmono10-regular]:!
Missing character: There is no ─ (U+2500) in font [lmmono10-regular]:!
Missing character: There is no ─ (U+2500) in font [lmmono10-regular]:!
Missing character: There is no ─ (U+2500) in font [lmmono10-regular]:!
Missing character: There is no ─ (U+2500) in font [lmmono10-regular]:!
Missing character: There is no ─ (U+2500) in font [lmmono10-regular]:!
Missing character: There is no ─ (U+2500) in font [lmmono10-regular]:!
Missing character: There is no ─ (U+2500) in font [lmmono10-regular]:!
Missing character: There is no ┬ (U+252C) in font [lmmono10-regular]:!
Missing character: There is no ─ (U+2500) in font [lmmono10-regular]:!
Missing character: There is no ─ (U+2500) in font [lmmono10-regular]:!
Missing character: There is no ─ (U+2500) in font [lmmono10-regular]:!
Missing character: There is no ─ (U+2500) in font [lmmono10-regular]:!
Missing character: There is no ─ (U+2500) in font [lmmono10-regular]:!
Missing character: There is no ─ (U+2500) in font [lmmono10-regular]:!
Missing character: There is no ─ (U+2500) in font [lmmono10-regular]:!
Missing character: There is no ┘ (U+2518) in font [lmmono10-regular]:!
Missing character: There is no ▼ (U+25BC) in font [lmmono10-regular]:!
Missing character: There is no ┌ (U+250C) in font [lmmono10-regular]:!
Missing character: There is no ─ (U+2500) in font [lmmono10-regular]:!
Missing character: There is no ─ (U+2500) in font [lmmono10-regular]:!
Missing character: There is no ─ (U+2500) in font [lmmono10-regular]:!
Missing character: There is no ─ (U+2500) in font [lmmono10-regular]:!
Missing character: There is no ─ (U+2500) in font [lmmono10-regular]:!
Missing character: There is no ─ (U+2500) in font [lmmono10-regular]:!
Missing character: There is no ─ (U+2500) in font [lmmono10-regular]:!
Missing character: There is no ─ (U+2500) in font [lmmono10-regular]:!
Missing character: There is no ─ (U+2500) in font [lmmono10-regular]:!
Missing character: There is no ─ (U+2500) in font [lmmono10-regular]:!
Missing character: There is no ─ (U+2500) in font [lmmono10-regular]:!
Missing character: There is no ─ (U+2500) in font [lmmono10-regular]:!
Missing character: There is no ─ (U+2500) in font [lmmono10-regular]:!
Missing character: There is no ─ (U+2500) in font [lmmono10-regular]:!
Missing character: There is no ─ (U+2500) in font [lmmono10-regular]:!
Missing character: There is no ┐ (U+2510) in font [lmmono10-regular]:!
Missing character: There is no │ (U+2502) in font [lmmono10-regular]:!
Missing character: There is no │ (U+2502) in font [lmmono10-regular]:!
Missing character: There is no │ (U+2502) in font [lmmono10-regular]:!
Missing character: There is no │ (U+2502) in font [lmmono10-regular]:!
Missing character: There is no │ (U+2502) in font [lmmono10-regular]:!
Missing character: There is no │ (U+2502) in font [lmmono10-regular]:!
]
Missing character: There is no │ (U+2502) in font [lmmono10-regular]:!
Missing character: There is no │ (U+2502) in font [lmmono10-regular]:!
Missing character: There is no ┌ (U+250C) in font [lmmono10-regular]:!
Missing character: There is no ─ (U+2500) in font [lmmono10-regular]:!
Missing character: There is no ─ (U+2500) in font [lmmono10-regular]:!
Missing character: There is no ─ (U+2500) in font [lmmono10-regular]:!
Missing character: There is no ─ (U+2500) in font [lmmono10-regular]:!
Missing character: There is no ─ (U+2500) in font [lmmono10-regular]:!
Missing character: There is no ─ (U+2500) in font [lmmono10-regular]:!
Missing character: There is no ─ (U+2500) in font [lmmono10-regular]:!
Missing character: There is no ─ (U+2500) in font [lmmono10-regular]:!
Missing character: There is no ─ (U+2500) in font [lmmono10-regular]:!
Missing character: There is no ┴ (U+2534) in font [lmmono10-regular]:!
Missing character: There is no ─ (U+2500) in font [lmmono10-regular]:!
Missing character: There is no ─ (U+2500) in font [lmmono10-regular]:!
Missing character: There is no ─ (U+2500) in font [lmmono10-regular]:!
Missing character: There is no ─ (U+2500) in font [lmmono10-regular]:!
Missing character: There is no ─ (U+2500) in font [lmmono10-regular]:!
Missing character: There is no ─ (U+2500) in font [lmmono10-regular]:!
Missing character: There is no ─ (U+2500) in font [lmmono10-regular]:!
Missing character: There is no ─ (U+2500) in font [lmmono10-regular]:!
Missing character: There is no ─ (U+2500) in font [lmmono10-regular]:!
Missing character: There is no ┐ (U+2510) in font [lmmono10-regular]:!
Missing character: There is no ┌ (U+250C) in font [lmmono10-regular]:!
Missing character: There is no ─ (U+2500) in font [lmmono10-regular]:!
Missing character: There is no ─ (U+2500) in font [lmmono10-regular]:!
Missing character: There is no ─ (U+2500) in font [lmmono10-regular]:!
Missing character: There is no ─ (U+2500) in font [lmmono10-regular]:!
Missing character: There is no ─ (U+2500) in font [lmmono10-regular]:!
Missing character: There is no ─ (U+2500) in font [lmmono10-regular]:!
Missing character: There is no ─ (U+2500) in font [lmmono10-regular]:!
Missing character: There is no ─ (U+2500) in font [lmmono10-regular]:!
Missing character: There is no ─ (U+2500) in font [lmmono10-regular]:!
Missing character: There is no ┴ (U+2534) in font [lmmono10-regular]:!
Missing character: There is no ─ (U+2500) in font [lmmono10-regular]:!
Missing character: There is no ─ (U+2500) in font [lmmono10-regular]:!
Missing character: There is no ─ (U+2500) in font [lmmono10-regular]:!
Missing character: There is no ─ (U+2500) in font [lmmono10-regular]:!
Missing character: There is no ─ (U+2500) in font [lmmono10-regular]:!
Missing character: There is no ─ (U+2500) in font [lmmono10-regular]:!
Missing character: There is no ─ (U+2500) in font [lmmono10-regular]:!
Missing character: There is no ─ (U+2500) in font [lmmono10-regular]:!
Missing character: There is no ─ (U+2500) in font [lmmono10-regular]:!
Missing character: There is no ┐ (U+2510) in font [lmmono10-regular]:!
Missing character: There is no │ (U+2502) in font [lmmono10-regular]:!
Missing character: There is no │ (U+2502) in font [lmmono10-regular]:!
Missing character: There is no │ (U+2502) in font [lmmono10-regular]:!
Missing character: There is no │ (U+2502) in font [lmmono10-regular]:!
Missing character: There is no │ (U+2502) in font [lmmono10-regular]:!
Missing character: There is no │ (U+2502) in font [lmmono10-regular]:!
Missing character: There is no │ (U+2502) in font [lmmono10-regular]:!
Missing character: There is no │ (U+2502) in font [lmmono10-regular]:!
Missing character: There is no └ (U+2514) in font [lmmono10-regular]:!
Missing character: There is no ─ (U+2500) in font [lmmono10-regular]:!
Missing character: There is no ─ (U+2500) in font [lmmono10-regular]:!
Missing character: There is no ─ (U+2500) in font [lmmono10-regular]:!
Missing character: There is no ─ (U+2500) in font [lmmono10-regular]:!
Missing character: There is no ─ (U+2500) in font [lmmono10-regular]:!
Missing character: There is no ─ (U+2500) in font [lmmono10-regular]:!
Missing character: There is no ─ (U+2500) in font [lmmono10-regular]:!
Missing character: There is no ─ (U+2500) in font [lmmono10-regular]:!
Missing character: There is no ─ (U+2500) in font [lmmono10-regular]:!
Missing character: There is no ┬ (U+252C) in font [lmmono10-regular]:!
Missing character: There is no ─ (U+2500) in font [lmmono10-regular]:!
Missing character: There is no ─ (U+2500) in font [lmmono10-regular]:!
Missing character: There is no ─ (U+2500) in font [lmmono10-regular]:!
Missing character: There is no ─ (U+2500) in font [lmmono10-regular]:!
Missing character: There is no ─ (U+2500) in font [lmmono10-regular]:!
Missing character: There is no ─ (U+2500) in font [lmmono10-regular]:!
Missing character: There is no ─ (U+2500) in font [lmmono10-regular]:!
Missing character: There is no ─ (U+2500) in font [lmmono10-regular]:!
Missing character: There is no ─ (U+2500) in font [lmmono10-regular]:!
Missing character: There is no ┘ (U+2518) in font [lmmono10-regular]:!
Missing character: There is no └ (U+2514) in font [lmmono10-regular]:!
Missing character: There is no ─ (U+2500) in font [lmmono10-regular]:!
Missing character: There is no ─ (U+2500) in font [lmmono10-regular]:!
Missing character: There is no ─ (U+2500) in font [lmmono10-regular]:!
Missing character: There is no ─ (U+2500) in font [lmmono10-regular]:!
Missing character: There is no ─ (U+2500) in font [lmmono10-regular]:!
Missing character: There is no ─ (U+2500) in font [lmmono10-regular]:!
Missing character: There is no ─ (U+2500) in font [lmmono10-regular]:!
Missing character: There is no ─ (U+2500) in font [lmmono10-regular]:!
Missing character: There is no ─ (U+2500) in font [lmmono10-regular]:!
Missing character: There is no ┬ (U+252C) in font [lmmono10-regular]:!
Missing character: There is no ─ (U+2500) in font [lmmono10-regular]:!
Missing character: There is no ─ (U+2500) in font [lmmono10-regular]:!
Missing character: There is no ─ (U+2500) in font [lmmono10-regular]:!
Missing character: There is no ─ (U+2500) in font [lmmono10-regular]:!
Missing character: There is no ─ (U+2500) in font [lmmono10-regular]:!
Missing character: There is no ─ (U+2500) in font [lmmono10-regular]:!
Missing character: There is no ─ (U+2500) in font [lmmono10-regular]:!
Missing character: There is no ─ (U+2500) in font [lmmono10-regular]:!
Missing character: There is no ─ (U+2500) in font [lmmono10-regular]:!
Missing character: There is no ┘ (U+2518) in font [lmmono10-regular]:!
Missing character: There is no ▼ (U+25BC) in font [lmmono10-regular]:!
Missing character: There is no ▼ (U+25BC) in font [lmmono10-regular]:!
Missing character: There is no ┌ (U+250C) in font [lmmono10-regular]:!
Missing character: There is no ─ (U+2500) in font [lmmono10-regular]:!
Missing character: There is no ─ (U+2500) in font [lmmono10-regular]:!
Missing character: There is no ─ (U+2500) in font [lmmono10-regular]:!
Missing character: There is no ─ (U+2500) in font [lmmono10-regular]:!
Missing character: There is no ─ (U+2500) in font [lmmono10-regular]:!
Missing character: There is no ─ (U+2500) in font [lmmono10-regular]:!
Missing character: There is no ─ (U+2500) in font [lmmono10-regular]:!
Missing character: There is no ─ (U+2500) in font [lmmono10-regular]:!
Missing character: There is no ─ (U+2500) in font [lmmono10-regular]:!
Missing character: There is no ─ (U+2500) in font [lmmono10-regular]:!
Missing character: There is no ─ (U+2500) in font [lmmono10-regular]:!
Missing character: There is no ─ (U+2500) in font [lmmono10-regular]:!
Missing character: There is no ─ (U+2500) in font [lmmono10-regular]:!
Missing character: There is no ─ (U+2500) in font [lmmono10-regular]:!
Missing character: There is no ─ (U+2500) in font [lmmono10-regular]:!
Missing character: There is no ┐ (U+2510) in font [lmmono10-regular]:!
Missing character: There is no ┌ (U+250C) in font [lmmono10-regular]:!
Missing character: There is no ─ (U+2500) in font [lmmono10-regular]:!
Missing character: There is no ─ (U+2500) in font [lmmono10-regular]:!
Missing character: There is no ─ (U+2500) in font [lmmono10-regular]:!
Missing character: There is no ─ (U+2500) in font [lmmono10-regular]:!
Missing character: There is no ─ (U+2500) in font [lmmono10-regular]:!
Missing character: There is no ─ (U+2500) in font [lmmono10-regular]:!
Missing character: There is no ─ (U+2500) in font [lmmono10-regular]:!
Missing character: There is no ─ (U+2500) in font [lmmono10-regular]:!
Missing character: There is no ─ (U+2500) in font [lmmono10-regular]:!
Missing character: There is no ─ (U+2500) in font [lmmono10-regular]:!
Missing character: There is no ─ (U+2500) in font [lmmono10-regular]:!
Missing character: There is no ─ (U+2500) in font [lmmono10-regular]:!
Missing character: There is no ─ (U+2500) in font [lmmono10-regular]:!
Missing character: There is no ─ (U+2500) in font [lmmono10-regular]:!
Missing character: There is no ─ (U+2500) in font [lmmono10-regular]:!
Missing character: There is no ┐ (U+2510) in font [lmmono10-regular]:!
Missing character: There is no │ (U+2502) in font [lmmono10-regular]:!
Missing character: There is no │ (U+2502) in font [lmmono10-regular]:!
Missing character: There is no │ (U+2502) in font [lmmono10-regular]:!
Missing character: There is no │ (U+2502) in font [lmmono10-regular]:!
Missing character: There is no │ (U+2502) in font [lmmono10-regular]:!
Missing character: There is no │ (U+2502) in font [lmmono10-regular]:!
Missing character: There is no │ (U+2502) in font [lmmono10-regular]:!
Missing character: There is no │ (U+2502) in font [lmmono10-regular]:!
Missing character: There is no └ (U+2514) in font [lmmono10-regular]:!
Missing character: There is no ─ (U+2500) in font [lmmono10-regular]:!
Missing character: There is no ─ (U+2500) in font [lmmono10-regular]:!
Missing character: There is no ─ (U+2500) in font [lmmono10-regular]:!
Missing character: There is no ─ (U+2500) in font [lmmono10-regular]:!
Missing character: There is no ─ (U+2500) in font [lmmono10-regular]:!
Missing character: There is no ─ (U+2500) in font [lmmono10-regular]:!
Missing character: There is no ─ (U+2500) in font [lmmono10-regular]:!
Missing character: There is no ┬ (U+252C) in font [lmmono10-regular]:!
Missing character: There is no ─ (U+2500) in font [lmmono10-regular]:!
Missing character: There is no ─ (U+2500) in font [lmmono10-regular]:!
Missing character: There is no ─ (U+2500) in font [lmmono10-regular]:!
Missing character: There is no ─ (U+2500) in font [lmmono10-regular]:!
Missing character: There is no ─ (U+2500) in font [lmmono10-regular]:!
Missing character: There is no ─ (U+2500) in font [lmmono10-regular]:!
Missing character: There is no ─ (U+2500) in font [lmmono10-regular]:!
Missing character: There is no ┘ (U+2518) in font [lmmono10-regular]:!
Missing character: There is no └ (U+2514) in font [lmmono10-regular]:!
Missing character: There is no ─ (U+2500) in font [lmmono10-regular]:!
Missing character: There is no ─ (U+2500) in font [lmmono10-regular]:!
Missing character: There is no ─ (U+2500) in font [lmmono10-regular]:!
Missing character: There is no ─ (U+2500) in font [lmmono10-regular]:!
Missing character: There is no ─ (U+2500) in font [lmmono10-regular]:!
Missing character: There is no ─ (U+2500) in font [lmmono10-regular]:!
Missing character: There is no ─ (U+2500) in font [lmmono10-regular]:!
Missing character: There is no ┬ (U+252C) in font [lmmono10-regular]:!
Missing character: There is no ─ (U+2500) in font [lmmono10-regular]:!
Missing character: There is no ─ (U+2500) in font [lmmono10-regular]:!
Missing character: There is no ─ (U+2500) in font [lmmono10-regular]:!
Missing character: There is no ─ (U+2500) in font [lmmono10-regular]:!
Missing character: There is no ─ (U+2500) in font [lmmono10-regular]:!
Missing character: There is no ─ (U+2500) in font [lmmono10-regular]:!
Missing character: There is no ─ (U+2500) in font [lmmono10-regular]:!
Missing character: There is no ┘ (U+2518) in font [lmmono10-regular]:!
Missing character: There is no ▼ (U+25BC) in font [lmmono10-regular]:!
Missing character: There is no ▼ (U+25BC) in font [lmmono10-regular]:!
Missing character: There is no ┌ (U+250C) in font [lmmono10-regular]:!
Missing character: There is no ─ (U+2500) in font [lmmono10-regular]:!
Missing character: There is no ─ (U+2500) in font [lmmono10-regular]:!
Missing character: There is no ─ (U+2500) in font [lmmono10-regular]:!
Missing character: There is no ─ (U+2500) in font [lmmono10-regular]:!
Missing character: There is no ─ (U+2500) in font [lmmono10-regular]:!
Missing character: There is no ─ (U+2500) in font [lmmono10-regular]:!
Missing character: There is no ─ (U+2500) in font [lmmono10-regular]:!
Missing character: There is no ─ (U+2500) in font [lmmono10-regular]:!
Missing character: There is no ─ (U+2500) in font [lmmono10-regular]:!
Missing character: There is no ─ (U+2500) in font [lmmono10-regular]:!
Missing character: There is no ─ (U+2500) in font [lmmono10-regular]:!
Missing character: There is no ─ (U+2500) in font [lmmono10-regular]:!
Missing character: There is no ─ (U+2500) in font [lmmono10-regular]:!
Missing character: There is no ─ (U+2500) in font [lmmono10-regular]:!
Missing character: There is no ─ (U+2500) in font [lmmono10-regular]:!
Missing character: There is no ┐ (U+2510) in font [lmmono10-regular]:!
Missing character: There is no ┌ (U+250C) in font [lmmono10-regular]:!
Missing character: There is no ─ (U+2500) in font [lmmono10-regular]:!
Missing character: There is no ─ (U+2500) in font [lmmono10-regular]:!
Missing character: There is no ─ (U+2500) in font [lmmono10-regular]:!
Missing character: There is no ─ (U+2500) in font [lmmono10-regular]:!
Missing character: There is no ─ (U+2500) in font [lmmono10-regular]:!
Missing character: There is no ─ (U+2500) in font [lmmono10-regular]:!
Missing character: There is no ─ (U+2500) in font [lmmono10-regular]:!
Missing character: There is no ─ (U+2500) in font [lmmono10-regular]:!
Missing character: There is no ─ (U+2500) in font [lmmono10-regular]:!
Missing character: There is no ─ (U+2500) in font [lmmono10-regular]:!
Missing character: There is no ─ (U+2500) in font [lmmono10-regular]:!
Missing character: There is no ─ (U+2500) in font [lmmono10-regular]:!
Missing character: There is no ─ (U+2500) in font [lmmono10-regular]:!
Missing character: There is no ─ (U+2500) in font [lmmono10-regular]:!
Missing character: There is no ─ (U+2500) in font [lmmono10-regular]:!
Missing character: There is no ┐ (U+2510) in font [lmmono10-regular]:!
Missing character: There is no │ (U+2502) in font [lmmono10-regular]:!
Missing character: There is no │ (U+2502) in font [lmmono10-regular]:!
Missing character: There is no │ (U+2502) in font [lmmono10-regular]:!
Missing character: There is no │ (U+2502) in font [lmmono10-regular]:!
Missing character: There is no │ (U+2502) in font [lmmono10-regular]:!
Missing character: There is no │ (U+2502) in font [lmmono10-regular]:!
Missing character: There is no │ (U+2502) in font [lmmono10-regular]:!
Missing character: There is no │ (U+2502) in font [lmmono10-regular]:!
Missing character: There is no └ (U+2514) in font [lmmono10-regular]:!
Missing character: There is no ─ (U+2500) in font [lmmono10-regular]:!
Missing character: There is no ─ (U+2500) in font [lmmono10-regular]:!
Missing character: There is no ─ (U+2500) in font [lmmono10-regular]:!
Missing character: There is no ─ (U+2500) in font [lmmono10-regular]:!
Missing character: There is no ─ (U+2500) in font [lmmono10-regular]:!
Missing character: There is no ─ (U+2500) in font [lmmono10-regular]:!
Missing character: There is no ─ (U+2500) in font [lmmono10-regular]:!
Missing character: There is no ─ (U+2500) in font [lmmono10-regular]:!
Missing character: There is no ─ (U+2500) in font [lmmono10-regular]:!
Missing character: There is no ─ (U+2500) in font [lmmono10-regular]:!
Missing character: There is no ─ (U+2500) in font [lmmono10-regular]:!
Missing character: There is no ─ (U+2500) in font [lmmono10-regular]:!
Missing character: There is no ─ (U+2500) in font [lmmono10-regular]:!
Missing character: There is no ─ (U+2500) in font [lmmono10-regular]:!
Missing character: There is no ─ (U+2500) in font [lmmono10-regular]:!
Missing character: There is no ┘ (U+2518) in font [lmmono10-regular]:!
Missing character: There is no └ (U+2514) in font [lmmono10-regular]:!
Missing character: There is no ─ (U+2500) in font [lmmono10-regular]:!
Missing character: There is no ─ (U+2500) in font [lmmono10-regular]:!
Missing character: There is no ─ (U+2500) in font [lmmono10-regular]:!
Missing character: There is no ─ (U+2500) in font [lmmono10-regular]:!
Missing character: There is no ─ (U+2500) in font [lmmono10-regular]:!
Missing character: There is no ─ (U+2500) in font [lmmono10-regular]:!
Missing character: There is no ─ (U+2500) in font [lmmono10-regular]:!
Missing character: There is no ─ (U+2500) in font [lmmono10-regular]:!
Missing character: There is no ─ (U+2500) in font [lmmono10-regular]:!
Missing character: There is no ─ (U+2500) in font [lmmono10-regular]:!
Missing character: There is no ─ (U+2500) in font [lmmono10-regular]:!
Missing character: There is no ─ (U+2500) in font [lmmono10-regular]:!
Missing character: There is no ─ (U+2500) in font [lmmono10-regular]:!
Missing character: There is no ─ (U+2500) in font [lmmono10-regular]:!
Missing character: There is no ─ (U+2500) in font [lmmono10-regular]:!
Missing character: There is no ┘ (U+2518) in font [lmmono10-regular]:!
[102
Missing character: There is no └ (U+2514) in font [lmmono10-regular]:!
Missing character: There is no ─ (U+2500) in font [lmmono10-regular]:!
Missing character: There is no ─ (U+2500) in font [lmmono10-regular]:!
Missing character: There is no ─ (U+2500) in font [lmmono10-regular]:!
Missing character: There is no ─ (U+2500) in font [lmmono10-regular]:!
Missing character: There is no ─ (U+2500) in font [lmmono10-regular]:!
Missing character: There is no ─ (U+2500) in font [lmmono10-regular]:!
Missing character: There is no ─ (U+2500) in font [lmmono10-regular]:!
Missing character: There is no ┬ (U+252C) in font [lmmono10-regular]:!
Missing character: There is no ─ (U+2500) in font [lmmono10-regular]:!
Missing character: There is no ─ (U+2500) in font [lmmono10-regular]:!
Missing character: There is no ─ (U+2500) in font [lmmono10-regular]:!
Missing character: There is no ─ (U+2500) in font [lmmono10-regular]:!
Missing character: There is no ─ (U+2500) in font [lmmono10-regular]:!
Missing character: There is no ─ (U+2500) in font [lmmono10-regular]:!
Missing character: There is no ─ (U+2500) in font [lmmono10-regular]:!
Missing character: There is no ┘ (U+2518) in font [lmmono10-regular]:!
Missing character: There is no │ (U+2502) in font [lmmono10-regular]:!
Missing character: There is no ┌ (U+250C) in font [lmmono10-regular]:!
Missing character: There is no ─ (U+2500) in font [lmmono10-regular]:!
Missing character: There is no ─ (U+2500) in font [lmmono10-regular]:!
Missing character: There is no ─ (U+2500) in font [lmmono10-regular]:!
Missing character: There is no ─ (U+2500) in font [lmmono10-regular]:!
Missing character: There is no ─ (U+2500) in font [lmmono10-regular]:!
Missing character: There is no ─ (U+2500) in font [lmmono10-regular]:!
Missing character: There is no ─ (U+2500) in font [lmmono10-regular]:!
Missing character: There is no ─ (U+2500) in font [lmmono10-regular]:!
Missing character: There is no ─ (U+2500) in font [lmmono10-regular]:!
Missing character: There is no ┴ (U+2534) in font [lmmono10-regular]:!
Missing character: There is no ─ (U+2500) in font [lmmono10-regular]:!
Missing character: There is no ─ (U+2500) in font [lmmono10-regular]:!
Missing character: There is no ─ (U+2500) in font [lmmono10-regular]:!
Missing character: There is no ─ (U+2500) in font [lmmono10-regular]:!
Missing character: There is no ─ (U+2500) in font [lmmono10-regular]:!
Missing character: There is no ─ (U+2500) in font [lmmono10-regular]:!
Missing character: There is no ─ (U+2500) in font [lmmono10-regular]:!
Missing character: There is no ─ (U+2500) in font [lmmono10-regular]:!
Missing character: There is no ─ (U+2500) in font [lmmono10-regular]:!
Missing character: There is no ┐ (U+2510) in font [lmmono10-regular]:!
Missing character: There is no │ (U+2502) in font [lmmono10-regular]:!
Missing character: There is no │ (U+2502) in font [lmmono10-regular]:!
Missing character: There is no │ (U+2502) in font [lmmono10-regular]:!
Missing character: There is no │ (U+2502) in font [lmmono10-regular]:!
Missing character: There is no └ (U+2514) in font [lmmono10-regular]:!
Missing character: There is no ─ (U+2500) in font [lmmono10-regular]:!
Missing character: There is no ─ (U+2500) in font [lmmono10-regular]:!
Missing character: There is no ─ (U+2500) in font [lmmono10-regular]:!
Missing character: There is no ─ (U+2500) in font [lmmono10-regular]:!
Missing character: There is no ─ (U+2500) in font [lmmono10-regular]:!
Missing character: There is no ─ (U+2500) in font [lmmono10-regular]:!
Missing character: There is no ─ (U+2500) in font [lmmono10-regular]:!
Missing character: There is no ─ (U+2500) in font [lmmono10-regular]:!
Missing character: There is no ─ (U+2500) in font [lmmono10-regular]:!
Missing character: There is no ┬ (U+252C) in font [lmmono10-regular]:!
Missing character: There is no ─ (U+2500) in font [lmmono10-regular]:!
Missing character: There is no ─ (U+2500) in font [lmmono10-regular]:!
Missing character: There is no ─ (U+2500) in font [lmmono10-regular]:!
Missing character: There is no ─ (U+2500) in font [lmmono10-regular]:!
Missing character: There is no ─ (U+2500) in font [lmmono10-regular]:!
Missing character: There is no ─ (U+2500) in font [lmmono10-regular]:!
Missing character: There is no ─ (U+2500) in font [lmmono10-regular]:!
Missing character: There is no ─ (U+2500) in font [lmmono10-regular]:!
Missing character: There is no ─ (U+2500) in font [lmmono10-regular]:!
Missing character: There is no ┘ (U+2518) in font [lmmono10-regular]:!
Missing character: There is no ▼ (U+25BC) in font [lmmono10-regular]:!
Missing character: There is no ┌ (U+250C) in font [lmmono10-regular]:!
Missing character: There is no ─ (U+2500) in font [lmmono10-regular]:!
Missing character: There is no ─ (U+2500) in font [lmmono10-regular]:!
Missing character: There is no ─ (U+2500) in font [lmmono10-regular]:!
Missing character: There is no ─ (U+2500) in font [lmmono10-regular]:!
Missing character: There is no ─ (U+2500) in font [lmmono10-regular]:!
Missing character: There is no ─ (U+2500) in font [lmmono10-regular]:!
Missing character: There is no ─ (U+2500) in font [lmmono10-regular]:!
Missing character: There is no ─ (U+2500) in font [lmmono10-regular]:!
Missing character: There is no ─ (U+2500) in font [lmmono10-regular]:!
Missing character: There is no ─ (U+2500) in font [lmmono10-regular]:!
Missing character: There is no ─ (U+2500) in font [lmmono10-regular]:!
Missing character: There is no ─ (U+2500) in font [lmmono10-regular]:!
Missing character: There is no ─ (U+2500) in font [lmmono10-regular]:!
Missing character: There is no ─ (U+2500) in font [lmmono10-regular]:!
Missing character: There is no ─ (U+2500) in font [lmmono10-regular]:!
Missing character: There is no ┐ (U+2510) in font [lmmono10-regular]:!
Missing character: There is no │ (U+2502) in font [lmmono10-regular]:!
Missing character: There is no │ (U+2502) in font [lmmono10-regular]:!
Missing character: There is no │ (U+2502) in font [lmmono10-regular]:!
Missing character: There is no │ (U+2502) in font [lmmono10-regular]:!
Missing character: There is no └ (U+2514) in font [lmmono10-regular]:!
Missing character: There is no ─ (U+2500) in font [lmmono10-regular]:!
Missing character: There is no ─ (U+2500) in font [lmmono10-regular]:!
Missing character: There is no ─ (U+2500) in font [lmmono10-regular]:!
Missing character: There is no ─ (U+2500) in font [lmmono10-regular]:!
Missing character: There is no ─ (U+2500) in font [lmmono10-regular]:!
Missing character: There is no ─ (U+2500) in font [lmmono10-regular]:!
Missing character: There is no ─ (U+2500) in font [lmmono10-regular]:!
Missing character: There is no ┬ (U+252C) in font [lmmono10-regular]:!
Missing character: There is no ─ (U+2500) in font [lmmono10-regular]:!
Missing character: There is no ─ (U+2500) in font [lmmono10-regular]:!
Missing character: There is no ─ (U+2500) in font [lmmono10-regular]:!
Missing character: There is no ─ (U+2500) in font [lmmono10-regular]:!
Missing character: There is no ─ (U+2500) in font [lmmono10-regular]:!
Missing character: There is no ─ (U+2500) in font [lmmono10-regular]:!
Missing character: There is no ─ (U+2500) in font [lmmono10-regular]:!
Missing character: There is no ┘ (U+2518) in font [lmmono10-regular]:!
Missing character: There is no ▼ (U+25BC) in font [lmmono10-regular]:!
Missing character: There is no ┌ (U+250C) in font [lmmono10-regular]:!
Missing character: There is no ─ (U+2500) in font [lmmono10-regular]:!
Missing character: There is no ─ (U+2500) in font [lmmono10-regular]:!
Missing character: There is no ─ (U+2500) in font [lmmono10-regular]:!
Missing character: There is no ─ (U+2500) in font [lmmono10-regular]:!
Missing character: There is no ─ (U+2500) in font [lmmono10-regular]:!
Missing character: There is no ─ (U+2500) in font [lmmono10-regular]:!
Missing character: There is no ─ (U+2500) in font [lmmono10-regular]:!
Missing character: There is no ─ (U+2500) in font [lmmono10-regular]:!
Missing character: There is no ─ (U+2500) in font [lmmono10-regular]:!
Missing character: There is no ─ (U+2500) in font [lmmono10-regular]:!
Missing character: There is no ─ (U+2500) in font [lmmono10-regular]:!
Missing character: There is no ─ (U+2500) in font [lmmono10-regular]:!
Missing character: There is no ─ (U+2500) in font [lmmono10-regular]:!
Missing character: There is no ─ (U+2500) in font [lmmono10-regular]:!
Missing character: There is no ─ (U+2500) in font [lmmono10-regular]:!
Missing character: There is no ┐ (U+2510) in font [lmmono10-regular]:!
Missing character: There is no │ (U+2502) in font [lmmono10-regular]:!
Missing character: There is no │ (U+2502) in font [lmmono10-regular]:!
Missing character: There is no │ (U+2502) in font [lmmono10-regular]:!
Missing character: There is no │ (U+2502) in font [lmmono10-regular]:!
Missing character: There is no └ (U+2514) in font [lmmono10-regular]:!
Missing character: There is no ─ (U+2500) in font [lmmono10-regular]:!
Missing character: There is no ─ (U+2500) in font [lmmono10-regular]:!
Missing character: There is no ─ (U+2500) in font [lmmono10-regular]:!
Missing character: There is no ─ (U+2500) in font [lmmono10-regular]:!
Missing character: There is no ─ (U+2500) in font [lmmono10-regular]:!
Missing character: There is no ─ (U+2500) in font [lmmono10-regular]:!
Missing character: There is no ─ (U+2500) in font [lmmono10-regular]:!
Missing character: There is no ─ (U+2500) in font [lmmono10-regular]:!
Missing character: There is no ─ (U+2500) in font [lmmono10-regular]:!
Missing character: There is no ─ (U+2500) in font [lmmono10-regular]:!
Missing character: There is no ─ (U+2500) in font [lmmono10-regular]:!
Missing character: There is no ─ (U+2500) in font [lmmono10-regular]:!
Missing character: There is no ─ (U+2500) in font [lmmono10-regular]:!
Missing character: There is no ─ (U+2500) in font [lmmono10-regular]:!
Missing character: There is no ─ (U+2500) in font [lmmono10-regular]:!
Missing character: There is no ┘ (U+2518) in font [lmmono10-regular]:!
] [103] [104] [105]
Underfull \hbox (badness 1360) in paragraph at lines 9439--9445
\TU/lmr/m/n/10 The sched-uler doesn’t query gos-sip or the re-port-ing tree di-rectly. In-stead, it main-tains a
 []

[106] [107]
Overfull \hbox (10.69063pt too wide) in paragraph at lines 9693--9699
[]\TU/lmr/m/n/10 Af-ter 10 min-utes of Node 2 and Node 3 be-ing alive and sta-ble, the leader runs \TU/lmtt/m/n/10 select_council_candidates()\TU/lmr/m/n/10 .
 []

[108] [109] [110] [111] [112] [113] [114] [115] [116] [117] [118] [119]
Overfull \hbox (5.12427pt too wide) in paragraph at lines 10741--10753
[]\TU/lmtt/m/n/10 COUNCIL_DISK_PRESSURE_PERCENT \TU/lmr/m/n/10 is 95, the level \TU/lmtt/m/n/10 relish wtf \TU/lmr/m/n/10 al-ready calls crit-i-cal. \TU/lmtt/m/n/10 FilesystemUsage::of
 []

[120]
Overfull \hbox (96.90192pt too wide) in paragraph at lines 10850--10863
[]\TU/lmr/m/n/10 The three field bugs each got a test that failed first. \TU/lmtt/m/n/10 security_state_init_never_replaces_an_initialised_security_state
 []


Overfull \hbox (146.18605pt too wide) in paragraph at lines 10850--10863
\TU/lmr/m/n/10 ap-plies a boot-strap on top of a state hold-ing a to-ken, and \TU/lmtt/m/n/10 a_recovered_council_keeps_its_restored_tokens_over_the_bootstrap_file
 []


Overfull \hbox (234.91284pt too wide) in paragraph at lines 10850--10863
\TU/lmr/m/n/10 starts a real node, boot-strap file and all, on a re-cov-ered di-rec-tory. \TU/lmtt/m/n/10 durable_consumer_follows_a_recovered_council_and_still_refuses_the_replaced_one
 []

[121] [122] [123] [124] [125] [126] [127] [128

] [129] [130] [131]
Overfull \hbox (52.08392pt too wide) in paragraph at lines 11836--11841
[]\TU/lmr/m/n/10 The in-memory router’s par-ti-tion sim-u-la-tion is used in the \TU/lmtt/m/n/10 partition_majority_continues_minority_cannot_write
 []

[132]
Overfull \hbox (35.58797pt too wide) in paragraph at lines 11869--11873
[]\TU/lmr/bx/n/10 Crit-i-cal path\TU/lmr/m/n/10 : \TU/lmtt/m/n/10 CouncilNode::write(RaftRequest) \TU/lmr/m/n/10 --> open-raft repli-cates --> \TU/lmtt/m/n/10 CouncilStateMachine::apply()
 []

[133] [134] [135]
Overfull \hbox (9.5937pt too wide) in paragraph at lines 12213--12217
[]\TU/lmr/bx/n/10 Crit-i-cal path\TU/lmr/m/n/10 : POST \TU/lmtt/m/n/10 /v1/apply \TU/lmr/m/n/10 --> agent re-ceives \TU/lmtt/m/n/10 AgentCommand::Deploy \TU/lmr/m/n/10 --> \TU/lmtt/m/n/10 supervisor.deploy_app()
 []

[136]
ignored: Infinite glue shrinkage found in box being split [137] [138]
Missing character: There is no ┌ (U+250C) in font [lmmono10-regular]:!
Missing character: There is no ─ (U+2500) in font [lmmono10-regular]:!
Missing character: There is no ─ (U+2500) in font [lmmono10-regular]:!
Missing character: There is no ─ (U+2500) in font [lmmono10-regular]:!
Missing character: There is no ─ (U+2500) in font [lmmono10-regular]:!
Missing character: There is no ─ (U+2500) in font [lmmono10-regular]:!
Missing character: There is no ─ (U+2500) in font [lmmono10-regular]:!
Missing character: There is no ─ (U+2500) in font [lmmono10-regular]:!
Missing character: There is no ─ (U+2500) in font [lmmono10-regular]:!
Missing character: There is no ─ (U+2500) in font [lmmono10-regular]:!
Missing character: There is no ─ (U+2500) in font [lmmono10-regular]:!
Missing character: There is no ─ (U+2500) in font [lmmono10-regular]:!
Missing character: There is no ─ (U+2500) in font [lmmono10-regular]:!
Missing character: There is no ─ (U+2500) in font [lmmono10-regular]:!
Missing character: There is no ─ (U+2500) in font [lmmono10-regular]:!
Missing character: There is no ─ (U+2500) in font [lmmono10-regular]:!
Missing character: There is no ─ (U+2500) in font [lmmono10-regular]:!
Missing character: There is no ─ (U+2500) in font [lmmono10-regular]:!
Missing character: There is no ┐ (U+2510) in font [lmmono10-regular]:!
Missing character: There is no ┌ (U+250C) in font [lmmono10-regular]:!
Missing character: There is no ─ (U+2500) in font [lmmono10-regular]:!
Missing character: There is no ─ (U+2500) in font [lmmono10-regular]:!
Missing character: There is no ─ (U+2500) in font [lmmono10-regular]:!
Missing character: There is no ─ (U+2500) in font [lmmono10-regular]:!
Missing character: There is no ─ (U+2500) in font [lmmono10-regular]:!
Missing character: There is no ─ (U+2500) in font [lmmono10-regular]:!
Missing character: There is no ─ (U+2500) in font [lmmono10-regular]:!
Missing character: There is no ─ (U+2500) in font [lmmono10-regular]:!
Missing character: There is no ─ (U+2500) in font [lmmono10-regular]:!
Missing character: There is no ─ (U+2500) in font [lmmono10-regular]:!
Missing character: There is no ─ (U+2500) in font [lmmono10-regular]:!
Missing character: There is no ─ (U+2500) in font [lmmono10-regular]:!
Missing character: There is no ─ (U+2500) in font [lmmono10-regular]:!
Missing character: There is no ─ (U+2500) in font [lmmono10-regular]:!
Missing character: There is no ─ (U+2500) in font [lmmono10-regular]:!
Missing character: There is no ─ (U+2500) in font [lmmono10-regular]:!
Missing character: There is no ─ (U+2500) in font [lmmono10-regular]:!
Missing character: There is no ┐ (U+2510) in font [lmmono10-regular]:!
Missing character: There is no ┌ (U+250C) in font [lmmono10-regular]:!
Missing character: There is no ─ (U+2500) in font [lmmono10-regular]:!
Missing character: There is no ─ (U+2500) in font [lmmono10-regular]:!
Missing character: There is no ─ (U+2500) in font [lmmono10-regular]:!
Missing character: There is no ─ (U+2500) in font [lmmono10-regular]:!
Missing character: There is no ─ (U+2500) in font [lmmono10-regular]:!
Missing character: There is no ─ (U+2500) in font [lmmono10-regular]:!
Missing character: There is no ─ (U+2500) in font [lmmono10-regular]:!
Missing character: There is no ─ (U+2500) in font [lmmono10-regular]:!
Missing character: There is no ─ (U+2500) in font [lmmono10-regular]:!
Missing character: There is no ─ (U+2500) in font [lmmono10-regular]:!
Missing character: There is no ─ (U+2500) in font [lmmono10-regular]:!
Missing character: There is no ─ (U+2500) in font [lmmono10-regular]:!
Missing character: There is no ─ (U+2500) in font [lmmono10-regular]:!
Missing character: There is no ─ (U+2500) in font [lmmono10-regular]:!
Missing character: There is no ─ (U+2500) in font [lmmono10-regular]:!
Missing character: There is no ─ (U+2500) in font [lmmono10-regular]:!
Missing character: There is no ─ (U+2500) in font [lmmono10-regular]:!
Missing character: There is no ┐ (U+2510) in font [lmmono10-regular]:!
Missing character: There is no ┌ (U+250C) in font [lmmono10-regular]:!
Missing character: There is no ─ (U+2500) in font [lmmono10-regular]:!
Missing character: There is no ─ (U+2500) in font [lmmono10-regular]:!
Missing character: There is no ─ (U+2500) in font [lmmono10-regular]:!
Missing character: There is no ─ (U+2500) in font [lmmono10-regular]:!
Missing character: There is no ─ (U+2500) in font [lmmono10-regular]:!
Missing character: There is no ─ (U+2500) in font [lmmono10-regular]:!
Missing character: There is no ─ (U+2500) in font [lmmono10-regular]:!
Missing character: There is no ─ (U+2500) in font [lmmono10-regular]:!
Missing character: There is no ─ (U+2500) in font [lmmono10-regular]:!
Missing character: There is no ─ (U+2500) in font [lmmono10-regular]:!
Missing character: There is no ─ (U+2500) in font [lmmono10-regular]:!
Missing character: There is no ─ (U+2500) in font [lmmono10-regular]:!
Missing character: There is no ─ (U+2500) in font [lmmono10-regular]:!
Missing character: There is no ─ (U+2500) in font [lmmono10-regular]:!
Missing character: There is no ─ (U+2500) in font [lmmono10-regular]:!
Missing character: There is no ─ (U+2500) in font [lmmono10-regular]:!
Missing character: There is no ─ (U+2500) in font [lmmono10-regular]:!
Missing character: There is no ┐ (U+2510) in font [lmmono10-regular]:!
Missing character: There is no │ (U+2502) in font [lmmono10-regular]:!
Missing character: There is no │ (U+2502) in font [lmmono10-regular]:!
Missing character: There is no │ (U+2502) in font [lmmono10-regular]:!
Missing character: There is no │ (U+2502) in font [lmmono10-regular]:!
Missing character: There is no │ (U+2502) in font [lmmono10-regular]:!
Missing character: There is no │ (U+2502) in font [lmmono10-regular]:!
Missing character: There is no │ (U+2502) in font [lmmono10-regular]:!
Missing character: There is no │ (U+2502) in font [lmmono10-regular]:!
Missing character: There is no │ (U+2502) in font [lmmono10-regular]:!
Missing character: There is no │ (U+2502) in font [lmmono10-regular]:!
Missing character: There is no │ (U+2502) in font [lmmono10-regular]:!
Missing character: There is no │ (U+2502) in font [lmmono10-regular]:!
Missing character: There is no │ (U+2502) in font [lmmono10-regular]:!
Missing character: There is no │ (U+2502) in font [lmmono10-regular]:!
Missing character: There is no │ (U+2502) in font [lmmono10-regular]:!
Missing character: There is no │ (U+2502) in font [lmmono10-regular]:!
Missing character: There is no │ (U+2502) in font [lmmono10-regular]:!
Missing character: There is no ─ (U+2500) in font [lmmono10-regular]:!
Missing character: There is no ─ (U+2500) in font [lmmono10-regular]:!
Missing character: There is no ─ (U+2500) in font [lmmono10-regular]:!
Missing character: There is no ─ (U+2500) in font [lmmono10-regular]:!
Missing character: There is no ─ (U+2500) in font [lmmono10-regular]:!
Missing character: There is no ─ (U+2500) in font [lmmono10-regular]:!
Missing character: There is no ─ (U+2500) in font [lmmono10-regular]:!
Missing character: There is no ─ (U+2500) in font [lmmono10-regular]:!
Missing character: There is no ─ (U+2500) in font [lmmono10-regular]:!
Missing character: There is no ─ (U+2500) in font [lmmono10-regular]:!
Missing character: There is no ─ (U+2500) in font [lmmono10-regular]:!
Missing character: There is no ─ (U+2500) in font [lmmono10-regular]:!
Missing character: There is no ─ (U+2500) in font [lmmono10-regular]:!
Missing character: There is no ─ (U+2500) in font [lmmono10-regular]:!
Missing character: There is no ─ (U+2500) in font [lmmono10-regular]:!
Missing character: There is no ─ (U+2500) in font [lmmono10-regular]:!
Missing character: There is no ─ (U+2500) in font [lmmono10-regular]:!
Missing character: There is no ─ (U+2500) in font [lmmono10-regular]:!
Missing character: There is no │ (U+2502) in font [lmmono10-regular]:!
Missing character: There is no │ (U+2502) in font [lmmono10-regular]:!
Missing character: There is no ─ (U+2500) in font [lmmono10-regular]:!
Missing character: There is no ─ (U+2500) in font [lmmono10-regular]:!
Missing character: There is no ─ (U+2500) in font [lmmono10-regular]:!
Missing character: There is no ─ (U+2500) in font [lmmono10-regular]:!
Missing character: There is no ─ (U+2500) in font [lmmono10-regular]:!
Missing character: There is no ─ (U+2500) in font [lmmono10-regular]:!
Missing character: There is no ─ (U+2500) in font [lmmono10-regular]:!
Missing character: There is no ─ (U+2500) in font [lmmono10-regular]:!
Missing character: There is no ─ (U+2500) in font [lmmono10-regular]:!
Missing character: There is no ─ (U+2500) in font [lmmono10-regular]:!
Missing character: There is no ─ (U+2500) in font [lmmono10-regular]:!
Missing character: There is no ─ (U+2500) in font [lmmono10-regular]:!
Missing character: There is no ─ (U+2500) in font [lmmono10-regular]:!
Missing character: There is no ─ (U+2500) in font [lmmono10-regular]:!
Missing character: There is no ─ (U+2500) in font [lmmono10-regular]:!
Missing character: There is no ─ (U+2500) in font [lmmono10-regular]:!
Missing character: There is no ─ (U+2500) in font [lmmono10-regular]:!
Missing character: There is no ─ (U+2500) in font [lmmono10-regular]:!
Missing character: There is no │ (U+2502) in font [lmmono10-regular]:!
Missing character: There is no │ (U+2502) in font [lmmono10-regular]:!
Missing character: There is no │ (U+2502) in font [lmmono10-regular]:!
Missing character: There is no │ (U+2502) in font [lmmono10-regular]:!
Missing character: There is no │ (U+2502) in font [lmmono10-regular]:!
Missing character: There is no │ (U+2502) in font [lmmono10-regular]:!
Missing character: There is no │ (U+2502) in font [lmmono10-regular]:!
Missing character: There is no │ (U+2502) in font [lmmono10-regular]:!
Missing character: There is no │ (U+2502) in font [lmmono10-regular]:!
Missing character: There is no │ (U+2502) in font [lmmono10-regular]:!
Missing character: There is no │ (U+2502) in font [lmmono10-regular]:!
Missing character: There is no │ (U+2502) in font [lmmono10-regular]:!
Missing character: There is no │ (U+2502) in font [lmmono10-regular]:!
Missing character: There is no │ (U+2502) in font [lmmono10-regular]:!
Missing character: There is no │ (U+2502) in font [lmmono10-regular]:!
Missing character: There is no │ (U+2502) in font [lmmono10-regular]:!
Missing character: There is no │ (U+2502) in font [lmmono10-regular]:!
Missing character: There is no │ (U+2502) in font [lmmono10-regular]:!
Missing character: There is no │ (U+2502) in font [lmmono10-regular]:!
Missing character: There is no │ (U+2502) in font [lmmono10-regular]:!
Missing character: There is no │ (U+2502) in font [lmmono10-regular]:!
Missing character: There is no │ (U+2502) in font [lmmono10-regular]:!
Missing character: There is no │ (U+2502) in font [lmmono10-regular]:!
Missing character: There is no │ (U+2502) in font [lmmono10-regular]:!
Missing character: There is no │ (U+2502) in font [lmmono10-regular]:!
Missing character: There is no │ (U+2502) in font [lmmono10-regular]:!
Missing character: There is no │ (U+2502) in font [lmmono10-regular]:!
Missing character: There is no │ (U+2502) in font [lmmono10-regular]:!
Missing character: There is no │ (U+2502) in font [lmmono10-regular]:!
Missing character: There is no │ (U+2502) in font [lmmono10-regular]:!
Missing character: There is no │ (U+2502) in font [lmmono10-regular]:!
Missing character: There is no │ (U+2502) in font [lmmono10-regular]:!
Missing character: There is no │ (U+2502) in font [lmmono10-regular]:!
Missing character: There is no │ (U+2502) in font [lmmono10-regular]:!
Missing character: There is no │ (U+2502) in font [lmmono10-regular]:!
Missing character: There is no │ (U+2502) in font [lmmono10-regular]:!
Missing character: There is no │ (U+2502) in font [lmmono10-regular]:!
Missing character: There is no │ (U+2502) in font [lmmono10-regular]:!
Missing character: There is no │ (U+2502) in font [lmmono10-regular]:!
Missing character: There is no │ (U+2502) in font [lmmono10-regular]:!
Missing character: There is no │ (U+2502) in font [lmmono10-regular]:!
Missing character: There is no │ (U+2502) in font [lmmono10-regular]:!
Missing character: There is no │ (U+2502) in font [lmmono10-regular]:!
Missing character: There is no │ (U+2502) in font [lmmono10-regular]:!
Missing character: There is no │ (U+2502) in font [lmmono10-regular]:!
Missing character: There is no │ (U+2502) in font [lmmono10-regular]:!
Missing character: There is no │ (U+2502) in font [lmmono10-regular]:!
Missing character: There is no │ (U+2502) in font [lmmono10-regular]:!
Missing character: There is no │ (U+2502) in font [lmmono10-regular]:!
Missing character: There is no └ (U+2514) in font [lmmono10-regular]:!
Missing character: There is no ─ (U+2500) in font [lmmono10-regular]:!
Missing character: There is no └ (U+2514) in font [lmmono10-regular]:!
Missing character: There is no ─ (U+2500) in font [lmmono10-regular]:!
Missing character: There is no └ (U+2514) in font [lmmono10-regular]:!
Missing character: There is no ─ (U+2500) in font [lmmono10-regular]:!
Missing character: There is no └ (U+2514) in font [lmmono10-regular]:!
Missing character: There is no ─ (U+2500) in font [lmmono10-regular]:!
Missing character: There is no └ (U+2514) in font [lmmono10-regular]:!
Missing character: There is no ─ (U+2500) in font [lmmono10-regular]:!
Missing character: There is no └ (U+2514) in font [lmmono10-regular]:!
Missing character: There is no ─ (U+2500) in font [lmmono10-regular]:!
Missing character: There is no └ (U+2514) in font [lmmono10-regular]:!
Missing character: There is no ─ (U+2500) in font [lmmono10-regular]:!
Missing character: There is no ─ (U+2500) in font [lmmono10-regular]:!
Missing character: There is no ─ (U+2500) in font [lmmono10-regular]:!
Missing character: There is no ─ (U+2500) in font [lmmono10-regular]:!
Missing character: There is no ─ (U+2500) in font [lmmono10-regular]:!
Missing character: There is no ─ (U+2500) in font [lmmono10-regular]:!
Missing character: There is no ─ (U+2500) in font [lmmono10-regular]:!
Missing character: There is no ─ (U+2500) in font [lmmono10-regular]:!
Missing character: There is no ─ (U+2500) in font [lmmono10-regular]:!
Missing character: There is no ─ (U+2500) in font [lmmono10-regular]:!
Missing character: There is no ─ (U+2500) in font [lmmono10-regular]:!
Missing character: There is no ─ (U+2500) in font [lmmono10-regular]:!
Missing character: There is no ─ (U+2500) in font [lmmono10-regular]:!
Missing character: There is no ─ (U+2500) in font [lmmono10-regular]:!
Missing character: There is no ─ (U+2500) in font [lmmono10-regular]:!
Missing character: There is no ─ (U+2500) in font [lmmono10-regular]:!
Missing character: There is no ─ (U+2500) in font [lmmono10-regular]:!
Missing character: There is no ┘ (U+2518) in font [lmmono10-regular]:!
Missing character: There is no └ (U+2514) in font [lmmono10-regular]:!
Missing character: There is no ─ (U+2500) in font [lmmono10-regular]:!
Missing character: There is no ─ (U+2500) in font [lmmono10-regular]:!
Missing character: There is no ─ (U+2500) in font [lmmono10-regular]:!
Missing character: There is no ─ (U+2500) in font [lmmono10-regular]:!
Missing character: There is no ─ (U+2500) in font [lmmono10-regular]:!
Missing character: There is no ─ (U+2500) in font [lmmono10-regular]:!
Missing character: There is no ─ (U+2500) in font [lmmono10-regular]:!
Missing character: There is no ─ (U+2500) in font [lmmono10-regular]:!
Missing character: There is no ─ (U+2500) in font [lmmono10-regular]:!
Missing character: There is no ─ (U+2500) in font [lmmono10-regular]:!
Missing character: There is no ─ (U+2500) in font [lmmono10-regular]:!
Missing character: There is no ─ (U+2500) in font [lmmono10-regular]:!
Missing character: There is no ─ (U+2500) in font [lmmono10-regular]:!
Missing character: There is no ─ (U+2500) in font [lmmono10-regular]:!
Missing character: There is no ─ (U+2500) in font [lmmono10-regular]:!
Missing character: There is no ─ (U+2500) in font [lmmono10-regular]:!
Missing character: There is no ─ (U+2500) in font [lmmono10-regular]:!
Missing character: There is no ┘ (U+2518) in font [lmmono10-regular]:!
Missing character: There is no └ (U+2514) in font [lmmono10-regular]:!
Missing character: There is no ─ (U+2500) in font [lmmono10-regular]:!
Missing character: There is no ─ (U+2500) in font [lmmono10-regular]:!
Missing character: There is no ─ (U+2500) in font [lmmono10-regular]:!
Missing character: There is no ─ (U+2500) in font [lmmono10-regular]:!
Missing character: There is no ─ (U+2500) in font [lmmono10-regular]:!
Missing character: There is no ─ (U+2500) in font [lmmono10-regular]:!
Missing character: There is no ─ (U+2500) in font [lmmono10-regular]:!
Missing character: There is no ─ (U+2500) in font [lmmono10-regular]:!
Missing character: There is no ─ (U+2500) in font [lmmono10-regular]:!
Missing character: There is no ─ (U+2500) in font [lmmono10-regular]:!
Missing character: There is no ─ (U+2500) in font [lmmono10-regular]:!
Missing character: There is no ─ (U+2500) in font [lmmono10-regular]:!
Missing character: There is no ─ (U+2500) in font [lmmono10-regular]:!
Missing character: There is no ─ (U+2500) in font [lmmono10-regular]:!
Missing character: There is no ─ (U+2500) in font [lmmono10-regular]:!
Missing character: There is no ─ (U+2500) in font [lmmono10-regular]:!
Missing character: There is no ─ (U+2500) in font [lmmono10-regular]:!
Missing character: There is no ┘ (U+2518) in font [lmmono10-regular]:!
Missing character: There is no └ (U+2514) in font [lmmono10-regular]:!
Missing character: There is no ─ (U+2500) in font [lmmono10-regular]:!
Missing character: There is no ─ (U+2500) in font [lmmono10-regular]:!
Missing character: There is no ─ (U+2500) in font [lmmono10-regular]:!
Missing character: There is no ─ (U+2500) in font [lmmono10-regular]:!
Missing character: There is no ─ (U+2500) in font [lmmono10-regular]:!
Missing character: There is no ─ (U+2500) in font [lmmono10-regular]:!
Missing character: There is no ─ (U+2500) in font [lmmono10-regular]:!
Missing character: There is no ─ (U+2500) in font [lmmono10-regular]:!
Missing character: There is no ─ (U+2500) in font [lmmono10-regular]:!
Missing character: There is no ─ (U+2500) in font [lmmono10-regular]:!
Missing character: There is no ─ (U+2500) in font [lmmono10-regular]:!
Missing character: There is no ─ (U+2500) in font [lmmono10-regular]:!
Missing character: There is no ─ (U+2500) in font [lmmono10-regular]:!
Missing character: There is no ─ (U+2500) in font [lmmono10-regular]:!
Missing character: There is no ─ (U+2500) in font [lmmono10-regular]:!
Missing character: There is no ─ (U+2500) in font [lmmono10-regular]:!
Missing character: There is no ─ (U+2500) in font [lmmono10-regular]:!
Missing character: There is no ┘ (U+2518) in font [lmmono10-regular]:!
[139

Missing character: There is no ┌ (U+250C) in font [lmmono10-regular]:!
Missing character: There is no ─ (U+2500) in font [lmmono10-regular]:!
Missing character: There is no ─ (U+2500) in font [lmmono10-regular]:!
Missing character: There is no ─ (U+2500) in font [lmmono10-regular]:!
Missing character: There is no ─ (U+2500) in font [lmmono10-regular]:!
Missing character: There is no ─ (U+2500) in font [lmmono10-regular]:!
Missing character: There is no ─ (U+2500) in font [lmmono10-regular]:!
Missing character: There is no ─ (U+2500) in font [lmmono10-regular]:!
Missing character: There is no ─ (U+2500) in font [lmmono10-regular]:!
Missing character: There is no ─ (U+2500) in font [lmmono10-regular]:!
Missing character: There is no ─ (U+2500) in font [lmmono10-regular]:!
Missing character: There is no ─ (U+2500) in font [lmmono10-regular]:!
Missing character: There is no ─ (U+2500) in font [lmmono10-regular]:!
Missing character: There is no ─ (U+2500) in font [lmmono10-regular]:!
Missing character: There is no ─ (U+2500) in font [lmmono10-regular]:!
Missing character: There is no ─ (U+2500) in font [lmmono10-regular]:!
Missing character: There is no ─ (U+2500) in font [lmmono10-regular]:!
Missing character: There is no ─ (U+2500) in font [lmmono10-regular]:!
Missing character: There is no ┐ (U+2510) in font [lmmono10-regular]:!
Missing character: There is no ┌ (U+250C) in font [lmmono10-regular]:!
Missing character: There is no ─ (U+2500) in font [lmmono10-regular]:!
Missing character: There is no ─ (U+2500) in font [lmmono10-regular]:!
Missing character: There is no ─ (U+2500) in font [lmmono10-regular]:!
Missing character: There is no ─ (U+2500) in font [lmmono10-regular]:!
Missing character: There is no ─ (U+2500) in font [lmmono10-regular]:!
Missing character: There is no ─ (U+2500) in font [lmmono10-regular]:!
Missing character: There is no ─ (U+2500) in font [lmmono10-regular]:!
Missing character: There is no ─ (U+2500) in font [lmmono10-regular]:!
Missing character: There is no ─ (U+2500) in font [lmmono10-regular]:!
Missing character: There is no ─ (U+2500) in font [lmmono10-regular]:!
Missing character: There is no ─ (U+2500) in font [lmmono10-regular]:!
Missing character: There is no ─ (U+2500) in font [lmmono10-regular]:!
Missing character: There is no ─ (U+2500) in font [lmmono10-regular]:!
Missing character: There is no ─ (U+2500) in font [lmmono10-regular]:!
Missing character: There is no ─ (U+2500) in font [lmmono10-regular]:!
Missing character: There is no ─ (U+2500) in font [lmmono10-regular]:!
Missing character: There is no ─ (U+2500) in font [lmmono10-regular]:!
Missing character: There is no ┐ (U+2510) in font [lmmono10-regular]:!
Missing character: There is no │ (U+2502) in font [lmmono10-regular]:!
Missing character: There is no │ (U+2502) in font [lmmono10-regular]:!
Missing character: There is no │ (U+2502) in font [lmmono10-regular]:!
Missing character: There is no │ (U+2502) in font [lmmono10-regular]:!
Missing character: There is no │ (U+2502) in font [lmmono10-regular]:!
Missing character: There is no ─ (U+2500) in font [lmmono10-regular]:!
Missing character: There is no ─ (U+2500) in font [lmmono10-regular]:!
Missing character: There is no ─ (U+2500) in font [lmmono10-regular]:!
Missing character: There is no ─ (U+2500) in font [lmmono10-regular]:!
Missing character: There is no ─ (U+2500) in font [lmmono10-regular]:!
Missing character: There is no ─ (U+2500) in font [lmmono10-regular]:!
Missing character: There is no ─ (U+2500) in font [lmmono10-regular]:!
Missing character: There is no ─ (U+2500) in font [lmmono10-regular]:!
Missing character: There is no ─ (U+2500) in font [lmmono10-regular]:!
Missing character: There is no ─ (U+2500) in font [lmmono10-regular]:!
Missing character: There is no ─ (U+2500) in font [lmmono10-regular]:!
Missing character: There is no ─ (U+2500) in font [lmmono10-regular]:!
Missing character: There is no ─ (U+2500) in font [lmmono10-regular]:!
Missing character: There is no ─ (U+2500) in font [lmmono10-regular]:!
Missing character: There is no ─ (U+2500) in font [lmmono10-regular]:!
Missing character: There is no ─ (U+2500) in font [lmmono10-regular]:!
Missing character: There is no ─ (U+2500) in font [lmmono10-regular]:!
Missing character: There is no ─ (U+2500) in font [lmmono10-regular]:!
Missing character: There is no │ (U+2502) in font [lmmono10-regular]:!
Missing character: There is no │ (U+2502) in font [lmmono10-regular]:!
Missing character: There is no │ (U+2502) in font [lmmono10-regular]:!
Missing character: There is no │ (U+2502) in font [lmmono10-regular]:!
Missing character: There is no │ (U+2502) in font [lmmono10-regular]:!
Missing character: There is no │ (U+2502) in font [lmmono10-regular]:!
Missing character: There is no │ (U+2502) in font [lmmono10-regular]:!
Missing character: There is no │ (U+2502) in font [lmmono10-regular]:!
Missing character: There is no │ (U+2502) in font [lmmono10-regular]:!
Missing character: There is no │ (U+2502) in font [lmmono10-regular]:!
Missing character: There is no │ (U+2502) in font [lmmono10-regular]:!
Missing character: There is no │ (U+2502) in font [lmmono10-regular]:!
Missing character: There is no │ (U+2502) in font [lmmono10-regular]:!
Missing character: There is no │ (U+2502) in font [lmmono10-regular]:!
Missing character: There is no │ (U+2502) in font [lmmono10-regular]:!
Missing character: There is no │ (U+2502) in font [lmmono10-regular]:!
Missing character: There is no │ (U+2502) in font [lmmono10-regular]:!
Missing character: There is no └ (U+2514) in font [lmmono10-regular]:!
Missing character: There is no ─ (U+2500) in font [lmmono10-regular]:!
Missing character: There is no ─ (U+2500) in font [lmmono10-regular]:!
Missing character: There is no ─ (U+2500) in font [lmmono10-regular]:!
Missing character: There is no ─ (U+2500) in font [lmmono10-regular]:!
Missing character: There is no ─ (U+2500) in font [lmmono10-regular]:!
Missing character: There is no ─ (U+2500) in font [lmmono10-regular]:!
Missing character: There is no ─ (U+2500) in font [lmmono10-regular]:!
Missing character: There is no ─ (U+2500) in font [lmmono10-regular]:!
Missing character: There is no ─ (U+2500) in font [lmmono10-regular]:!
Missing character: There is no ─ (U+2500) in font [lmmono10-regular]:!
Missing character: There is no ─ (U+2500) in font [lmmono10-regular]:!
Missing character: There is no ─ (U+2500) in font [lmmono10-regular]:!
Missing character: There is no ─ (U+2500) in font [lmmono10-regular]:!
Missing character: There is no ─ (U+2500) in font [lmmono10-regular]:!
Missing character: There is no ─ (U+2500) in font [lmmono10-regular]:!
Missing character: There is no ─ (U+2500) in font [lmmono10-regular]:!
Missing character: There is no ─ (U+2500) in font [lmmono10-regular]:!
Missing character: There is no ┘ (U+2518) in font [lmmono10-regular]:!
Missing character: There is no └ (U+2514) in font [lmmono10-regular]:!
Missing character: There is no ─ (U+2500) in font [lmmono10-regular]:!
Missing character: There is no ─ (U+2500) in font [lmmono10-regular]:!
Missing character: There is no ─ (U+2500) in font [lmmono10-regular]:!
Missing character: There is no ─ (U+2500) in font [lmmono10-regular]:!
Missing character: There is no ─ (U+2500) in font [lmmono10-regular]:!
Missing character: There is no ─ (U+2500) in font [lmmono10-regular]:!
Missing character: There is no ─ (U+2500) in font [lmmono10-regular]:!
Missing character: There is no ─ (U+2500) in font [lmmono10-regular]:!
Missing character: There is no ─ (U+2500) in font [lmmono10-regular]:!
Missing character: There is no ─ (U+2500) in font [lmmono10-regular]:!
Missing character: There is no ─ (U+2500) in font [lmmono10-regular]:!
Missing character: There is no ─ (U+2500) in font [lmmono10-regular]:!
Missing character: There is no ─ (U+2500) in font [lmmono10-regular]:!
Missing character: There is no ─ (U+2500) in font [lmmono10-regular]:!
Missing character: There is no ─ (U+2500) in font [lmmono10-regular]:!
Missing character: There is no ─ (U+2500) in font [lmmono10-regular]:!
Missing character: There is no ─ (U+2500) in font [lmmono10-regular]:!
Missing character: There is no ┘ (U+2518) in font [lmmono10-regular]:!
] [140] [141]
Overfull \hbox (59.25589pt too wide) in paragraph at lines 12760--12760
[]\TU/lmtt/m/n/10 nft add rule ip reliaburger prerouting tcp dport {host_port} dnat to {container_ip}:{service_port}[] 
 []

[142] [143] [144] [145] [146] [147] [148] [149]
Overfull \vbox (0.93707pt too high) detected at line 13585
 []

[150]
Underfull \hbox (badness 2197) in paragraph at lines 13632--13635
\TU/lmr/m/n/10 The orig-i-nal de-sign called for fully in-kernel DNS in-ter-cep-tion us-ing \TU/lmtt/m/n/10 cgroup/sendmsg4 \TU/lmr/m/n/10 and
 []

[151] [152] [153] [154] [155]
Underfull \hbox (badness 1609) in paragraph at lines 14143--14147
[]\TU/lmr/m/n/10 Runs \TU/lmtt/m/n/10 limactl shell reliaburger-test bash -c "cd /path/to/repo && cargo test" \TU/lmr/m/n/10 with
 []

[156] [157] [158] [159] [160] [161] [162] [163] [164] [165] [166] [167]
Overfull \hbox (5.42581pt too wide) in paragraph at lines 15189--15196
[]\TU/lmr/m/n/10 An eBPF-enabled Linux build now em-beds the ob-ject in the ex-e-cutable with Aya’s \TU/lmtt/m/n/10 include_bytes_aligned!
 []

[168] [169] [170]
Overfull \hbox (26.59474pt too wide) in paragraph at lines 15492--15496
\TU/lmtt/m/n/10 backlog \TU/lmr/m/n/10 readi-ness sub-sys-tem at 75% oc-cu-pancy and ex-ports \TU/lmtt/m/n/10 discovery_withdrawal_ledger_occupancy_ratio
 []

[171] [172]
Underfull \hbox (badness 1308) in paragraph at lines 15704--15714
\TU/lmr/m/n/10 A \TU/lmtt/m/n/10 const \TU/lmr/m/n/10 is eval-u-ated by the com-piler, so ev-ery-thing in its ini-tialiser must be a \TU/lmtt/m/n/10 const fn\TU/lmr/m/n/10 .
 []

[173] [174] [175]
Overfull \hbox (92.69551pt too wide) in paragraph at lines 15918--15927
\TU/lmr/m/n/10 drops the con-nec-tion as soon as the next re-quest ar-rives. \TU/lmtt/m/n/10 idempotent_request_on_a_closed_pooled_connection_is_retried
 []

[176] [177

] [178] [179] [180] [181] [182] [183] [184] [185] [186] [187] [188] [189] [190] [191] [192] [193] [194] [195] [196] [197] [198] [199] [200] [201

]
Underfull \hbox (badness 2662) in paragraph at lines 18272--18275
[]\TU/lmr/m/n/10 If pushed by di-gest (docker pushes the sub-manifests of a multi-arch im-age as \TU/lmtt/m/n/10 PUT
 []

[202] [203] [204] [205] [206] [207] [208] [209] [210] [211]
Underfull \hbox (badness 1168) in paragraph at lines 19170--19175
[]\TU/lmr/m/n/10 The fix is a one-liner in spirit: read the au-thor-i-ta-tive cat-a-logue. Both han-dlers now call
 []

[212] [213] [214] [215] [216] [217] [218]
Overfull \hbox (35.44087pt too wide) in paragraph at lines 19794--19801
[]\TU/lmr/bx/n/10 No Docker to-ken ser-vice. \TU/lmr/m/n/10 The other chal-lenge, \TU/lmtt/m/n/10 WWW-Authenticate: Bearer realm="https://…/token"\TU/lmr/m/n/10 ,
 []

[219] [220] [221] [222] [223]
Overfull \hbox (27.02768pt too wide) in paragraph at lines 20236--20243
[]\TU/lmr/m/n/10 The ob-vi-ous fix, \TU/lmtt/m/n/10 buildah rmi --all \TU/lmr/m/n/10 af-ter each build, is also the dan-ger-ous one. \TU/lmtt/m/n/10 /var/lib/containers/storage
 []

[224]
Underfull \hbox (badness 3547) in paragraph at lines 20331--20334
[]\TU/lmr/bx/n/10 Blob store \TU/lmr/m/n/10 --- write/read, up-load ses-sions, and the digest-mismatch re-jec-tion path
 []


Overfull \hbox (162.69023pt too wide) in paragraph at lines 20343--20356
[]\TU/lmr/bx/n/10 Stan-dard clients \TU/lmr/m/n/10 --- a De-ployer to-ken as a Ba-sic pass-word over TLS pushes (\TU/lmtt/m/n/10 deployer_token_as_basic_password_over_tls_may_push\TU/lmr/m/n/10 ),
 []


Overfull \hbox (71.70956pt too wide) in paragraph at lines 20343--20356
\TU/lmr/m/n/10 ken over plain-text is still re-fused (\TU/lmtt/m/n/10 basic_credentials_over_plaintext_are_refused_even_with_a_valid_token\TU/lmr/m/n/10 ).
 []


Overfull \hbox (109.26535pt too wide) in paragraph at lines 20356--20368
[]\TU/lmr/bx/n/10 Garbage col-lec-tion \TU/lmr/m/n/10 --- the safety rails get a test each: \TU/lmtt/m/n/10 gc_protects_sole_copy\TU/lmr/m/n/10 , \TU/lmtt/m/n/10 gc_protects_active_deployment_images\TU/lmr/m/n/10 ,
 []


Underfull \hbox (badness 1221) in paragraph at lines 20368--20384
\TU/lmr/m/n/10 (an in-dex lists ev-ery plat-form; a miss-ing, plat-form-less or nested en-try is re-fused) and
 []


Overfull \hbox (112.08183pt too wide) in paragraph at lines 20368--20384
\TU/lmr/m/n/10 bug), and \TU/lmtt/m/n/10 drop_foreign_platform_variants \TU/lmr/m/n/10 (\TU/lmtt/m/n/10 a_builder_stage_variant_is_dropped_from_the_foreign_architecture
 []


Overfull \hbox (33.55382pt too wide) in paragraph at lines 20368--20384
\TU/lmr/m/n/10 is the Buil-dah one). \TU/lmtt/m/n/10 registry_routable_push::a_multi_platform_layout_publishes_every_platform
 []


Underfull \hbox (badness 1112) in paragraph at lines 20368--20384
\TU/lmtt/m/n/10 pickle_cluster::a_multi_platform_image_pulls_the_nodes_own_platform \TU/lmr/m/n/10 pulls the same
 []

[225] [226] [227] [228

] [229] [230] [231] [232] [233] [234] [235] [236] [237] [238] [239] [240] [241] [242]
Underfull \hbox (badness 1430) in paragraph at lines 21913--21923
[]\TU/lmtt/m/n/10 relish top \TU/lmr/m/n/10 had the same blind spot and a sub-tler trap. The dash-board al-ready charted
 []


Underfull \hbox (badness 1067) in paragraph at lines 21975--21980
[]\TU/lmr/m/n/10 The clus-ter test, \TU/lmtt/m/n/10 tui_logs_history_and_events_cover_every_node_and_name_a_missing_one \TU/lmr/m/n/10 in
 []

[243] [244] [245]
Underfull \hbox (badness 2726) in paragraph at lines 22213--22219
[]\TU/lmr/m/n/10 The check-point it-self goes through the same \TU/lmtt/m/n/10 atomic_write \TU/lmr/m/n/10 helper the iden-tity code uses:
 []


Underfull \hbox (badness 2042) in paragraph at lines 22213--22219
\TU/lmr/m/n/10 a uniquely named temp file, \TU/lmtt/m/n/10 fsync\TU/lmr/m/n/10 , re-name over the old check-point, \TU/lmtt/m/n/10 fsync \TU/lmr/m/n/10 the di-rec-tory.
 []


Underfull \hbox (badness 4291) in paragraph at lines 22262--22271
[]\TU/lmr/m/n/10 Two tests pin it. \TU/lmtt/m/n/10 a_restarted_forwarder_reads_only_the_lines_past_the_checkpoint \TU/lmr/m/n/10 in
 []

[246]
Underfull \hbox (badness 1087) in paragraph at lines 22321--22330
\TU/lmr/m/n/10 in-ter-ac-tive, so on a lap-top’s three nodes it costs noth-ing. At the ten thou-sand nodes we
 []


Underfull \hbox (badness 1383) in paragraph at lines 22321--22330
\TU/lmtt/m/n/10 tail_after_an_app_moves_back_includes_the_nodes_it_ran_on_meanwhile \TU/lmr/m/n/10 re-pro-duces the soak
 []

[247]
Overfull \hbox (53.24347pt too wide) in paragraph at lines 22376--22386
\TU/lmtt/m/n/10 one_instance_on_two_nodes_names_each_line_s_node \TU/lmr/m/n/10 and \TU/lmtt/m/n/10 merged_entries_name_the_node_that_stored_them
 []


Overfull \vbox (1.47708pt too high) detected at line 22465
 []

[248]
Overfull \hbox (30.25198pt too wide) in paragraph at lines 22487--22498
[]\TU/lmr/m/n/10 The tests mea-sure the thing the soak felt. \TU/lmtt/m/n/10 replaying_a_large_capture_backlog_does_not_hold_the_runtime
 []

[249] [250]
Overfull \hbox (114.12334pt too wide) in paragraph at lines 22676--22692
[]\TU/lmtt/m/n/10 ExportBusy \TU/lmr/m/n/10 also turned up where no-body was ex-port-ing. \TU/lmtt/m/n/10 checkpoint_retains_only_live_source_generations_across_restart
 []


Underfull \vbox (badness 1383) has occurred while \output is active []

[251] [252]
Overfull \hbox (48.11308pt too wide) in paragraph at lines 22865--22901
\TU/lmtt/m/n/10 firing_to_inactive_on_recovery\TU/lmr/m/n/10 , \TU/lmtt/m/n/10 pending_to_inactive_on_recovery\TU/lmr/m/n/10 , \TU/lmtt/m/n/10 missing_metric_does_not_fire\TU/lmr/m/n/10 .
 []


Overfull \hbox (72.99347pt too wide) in paragraph at lines 22865--22901
\TU/lmtt/m/n/10 query_metric_name_injection_is_neutralised \TU/lmr/m/n/10 and \TU/lmtt/m/n/10 app_metrics_name_injection_cannot_bypass_predicate
 []


Overfull \hbox (102.16272pt too wide) in paragraph at lines 22865--22901
\TU/lmr/m/n/10 (the SQL es-cape), \TU/lmtt/m/n/10 resent_window_does_not_double_count \TU/lmr/m/n/10 and \TU/lmtt/m/n/10 restart_resumes_flush_counter_without_clobbering
 []


Overfull \hbox (114.16975pt too wide) in paragraph at lines 22865--22901
\TU/lmr/m/n/10 not-boolean state ma-chine), \TU/lmtt/m/n/10 slack_payload_matches_provider_shape \TU/lmr/m/n/10 and \TU/lmtt/m/n/10 pagerduty_payload_matches_events_v2_shape
 []


Overfull \hbox (105.08192pt too wide) in paragraph at lines 22865--22901
\TU/lmr/m/n/10 (the provider web-hook con-tracts), and \TU/lmtt/m/n/10 query_proceeds_during_flush \TU/lmr/m/n/10 plus \TU/lmtt/m/n/10 corrupt_parquet_file_does_not_fail_query
 []


Overfull \hbox (78.24347pt too wide) in paragraph at lines 22865--22901
\TU/lmtt/m/n/10 every_read_matches_the_eager_golden_answers \TU/lmr/m/n/10 and \TU/lmtt/m/n/10 every_rollup_read_matches_the_eager_golden_answers
 []


Overfull \hbox (63.83243pt too wide) in paragraph at lines 22901--22932
\TU/lmtt/m/n/10 bounded_sql_caps_returned_rows \TU/lmr/m/n/10 (the seat-belt on \TU/lmtt/m/n/10 /v1/logs/sql\TU/lmr/m/n/10 ); \TU/lmtt/m/n/10 unreachable_node_is_a_partial_failure
 []


Overfull \hbox (175.94759pt too wide) in paragraph at lines 22901--22932
\TU/lmr/m/n/10 encoded fan-out); \TU/lmtt/m/n/10 identical_lines_from_two_replicas_both_survive \TU/lmr/m/n/10 and \TU/lmtt/m/n/10 repeated_identical_lines_from_one_node_both_survive
 []


Overfull \hbox (156.99347pt too wide) in paragraph at lines 22901--22932
\TU/lmtt/m/n/10 lines_within_one_second_keep_emission_order_across_flushes \TU/lmr/m/n/10 and \TU/lmtt/m/n/10 lines_sharing_a_second_come_back_in_sequence_order
 []


Overfull \hbox (235.72841pt too wide) in paragraph at lines 22901--22932
\TU/lmr/m/n/10 (the V02 or-der-ing bugs); \TU/lmtt/m/n/10 restart_does_not_reingest_lines_already_flushed\TU/lmr/m/n/10 , \TU/lmtt/m/n/10 lines_lost_with_the_buffer_are_ingested_again_after_a_crash
 []


Overfull \hbox (18.27347pt too wide) in paragraph at lines 22901--22932
\TU/lmr/m/n/10 and \TU/lmtt/m/n/10 refollowing_a_capture_file_replays_the_same_positions_and_the_store_keeps_one_copy
 []


Overfull \hbox (15.40437pt too wide) in paragraph at lines 22901--22932
\TU/lmr/m/n/10 (exactly-once in-ges-tion across restarts); \TU/lmtt/m/n/10 logs_from_several_instances_name_each_line_s_instance
 []


Underfull \hbox (badness 1661) in paragraph at lines 22932--22939
[]\TU/lmr/bx/n/10 Brioche (dash-board): \TU/lmr/m/n/10 HTML ren-der-ing, and two security-flavoured tests worth call-
 []

[253]
Underfull \hbox (badness 1688) in paragraph at lines 22975--22982
[]\TU/lmr/m/n/10 The cross-node and ag-gre-ga-tion pieces --- query-ing logs across the whole clus-ter, hi-er-ar-chi-
 []


Overfull \hbox (27.62308pt too wide) in paragraph at lines 22975--22982
\TU/lmr/m/n/10 (\TU/lmtt/m/n/10 tests/suite/metrics_aggregation.rs\TU/lmr/m/n/10 , \TU/lmtt/m/n/10 tests/suite/logs_cross_node.rs\TU/lmr/m/n/10 , \TU/lmtt/m/n/10 tests/suite/log_export.rs\TU/lmr/m/n/10 )
 []

[254] [255

] [256] [257] [258] [259] [260] [261] [262] [263] [264]
Overfull \hbox (69.83463pt too wide) in paragraph at lines 23935--23945
[]\TU/lmr/m/n/10 Two in-stances of one app on one node share one man-aged vol-ume. That’s the de-sign (\TU/lmtt/m/n/10 volumes/<namespace>/<app>/<path>\TU/lmr/m/n/10 ,
 []


Overfull \vbox (1.47708pt too high) detected at line 23968
 []

[265]
Missing character: There is no ✓ (U+2713) in font [lmroman10-regular]:+tlig;!
Missing character: There is no ✓ (U+2713) in font [lmroman10-regular]:+tlig;!
Missing character: There is no ✓ (U+2713) in font [lmroman10-regular]:+tlig;!
[266
Missing character: There is no ✓ (U+2713) in font [lmroman10-regular]:+tlig;!
] [267]
Overfull \hbox (107.87045pt too wide) in paragraph at lines 24212--24222
[]\TU/lmr/m/n/10 The ros-ter cov-ers \TU/lmtt/m/n/10 happy_path_single_replica\TU/lmr/m/n/10 , \TU/lmtt/m/n/10 no_existing_instances_creates_one\TU/lmr/m/n/10 , \TU/lmtt/m/n/10 health_failure_with_auto_rollback\TU/lmr/m/n/10 ,
 []


Underfull \hbox (badness 10000) in paragraph at lines 24212--24222
\TU/lmtt/m/n/10 health_failure_without_auto_rollback\TU/lmr/m/n/10 , \TU/lmtt/m/n/10 start_failure_at_step\TU/lmr/m/n/10 , \TU/lmtt/m/n/10 dependency_job_success\TU/lmr/m/n/10 ,
 []


Underfull \hbox (badness 1533) in paragraph at lines 24212--24222
\TU/lmtt/m/n/10 dependency_job_failure\TU/lmr/m/n/10 , and \TU/lmtt/m/n/10 rollback_restores_previous_instances \TU/lmr/m/n/10 (which checks the old
 []


Underfull \hbox (badness 1448) in paragraph at lines 24226--24235
\TU/lmtt/m/n/10 tests/integration.rs \TU/lmr/m/n/10 ex-er-cises the agent end to end with a real (process-backed) run-time:
 []


Overfull \hbox (